{
    "id": "tiered:common_ranged_6",
    "verifiers": [
        {
            "tag": "minecraft:enchantable/bow"
        },
        {
            "tag": "minecraft:enchantable/crossbow"
        }
    ],
    "weight": 75,
    "style": {
        "color": "gray"
    },
    "attributes": [
        {
            "type": "kevslibrary:multistrike_chance",
            "modifier": {
                "name": "tiered:common_ranged_6",
                "operation": "ADD_MULTIPLIED_TOTAL",
                "amount": 0.05
            },
            "optional_equipment_slots": [
                "MAINHAND"
            ]
        },
        {
            "type": "kevslibrary:crit_chance",
            "modifier": {
                "name": "tiered:common_ranged_6",
                "operation": "ADD_VALUE",
                "amount": 0.05
            },
            "optional_equipment_slots": [
                "MAINHAND"
            ]
        }
    ]
}