{
    "id": "tiered:epic_ranged_3",
    "verifiers": [
        {
            "tag": "minecraft:enchantable/bow"
        },
        {
            "tag": "minecraft:enchantable/crossbow"
        }
    ],
    "weight": 8,
    "style": {
        "color": "dark_purple"
    },
    "attributes": [
        {
            "type": "kevslibrary:crit_chance",
            "modifier": {
                "name": "tiered:epic_ranged_3",
                "operation": "ADD_VALUE",
                "amount": 0.125
            },
            "optional_equipment_slots": [
                "MAINHAND"
            ]
        },
        {
            "type": "kevslibrary:crit_damage",
            "modifier": {
                "name": "tiered:epic_ranged_3",
                "operation": "ADD_VALUE",
                "amount": 0.1
            },
            "optional_equipment_slots": [
                "MAINHAND"
            ]
        },
        {
            "type": "generic.movement_speed",
            "modifier": {
                "name": "tiered:epic_ranged_3",
                "operation": "ADD_MULTIPLIED_TOTAL",
                "amount": 0.15
            },
            "optional_equipment_slots": [
                "MAINHAND"
            ]
        },
        {
            "type": "tiered:generic.durable",
            "modifier": {
                "name": "tiered:epic_ranged_3",
                "operation": "ADD_MULTIPLIED_TOTAL",
                "amount": 0.1
            },
            "optional_equipment_slots": [
                "MAINHAND"
            ]
        }
    ]
}