{
    "id": "tiered:legendary_ranged_4",
    "verifiers": [
        {
            "tag": "minecraft:enchantable/bow"
        },
        {
            "tag": "minecraft:enchantable/crossbow"
        }
    ],
    "weight": 3,
    "style": {
        "color": "gold"
    },
    "attributes": [
        {
            "type": "ranged_weapon:damage",
            "modifier": {
                "name": "tiered:legendary_ranged_4",
                "operation": "ADD_MULTIPLIED_TOTAL",
                "amount": 0.3
            },
            "optional_equipment_slots": [
                "MAINHAND"
            ]
        },
        {
            "type": "ranged_weapon:pull_time",
            "modifier": {
                "name": "tiered:legendary_ranged_4",
                "operation": "ADD_MULTIPLIED_TOTAL",
                "amount": -0.15
            },
            "optional_equipment_slots": [
                "MAINHAND"
            ]
        },
        {
            "type": "generic.movement_speed",
            "modifier": {
                "name": "tiered:legendary_ranged_4",
                "operation": "ADD_MULTIPLIED_TOTAL",
                "amount": 0.2
            },
            "optional_equipment_slots": [
                "MAINHAND"
            ]
        },
        {
            "type": "tiered:generic.durable",
            "modifier": {
                "name": "tiered:legendary_ranged_1",
                "operation": "ADD_MULTIPLIED_TOTAL",
                "amount": 0.3
            },
            "optional_equipment_slots": [
                "MAINHAND"
            ]
        }
    ]
}