{
    "id": "tiered:rare_ranged_6",
    "verifiers": [
        {
            "tag": "minecraft:enchantable/bow"
        },
        {
            "tag": "minecraft:enchantable/crossbow"
        }
    ],
    "weight": 15,
    "style": {
        "color": "blue"
    },
    "attributes": [
        {
            "type": "kevslibrary:multistrike_chance",
            "modifier": {
                "name": "tiered:rare_ranged_6",
                "operation": "ADD_VALUE",
                "amount": 0.1
            },
            "optional_equipment_slots": [
                "MAINHAND"
            ]
        },
        {
            "type": "kevslibrary:crit_chance",
            "modifier": {
                "name": "tiered:rare_ranged_6",
                "operation": "ADD_VALUE",
                "amount": 0.1
            },
            "optional_equipment_slots": [
                "MAINHAND"
            ]
        },
        {
            "type": "generic.movement_speed",
            "modifier": {
                "name": "tiered:rare_ranged_6",
                "operation": "ADD_MULTIPLIED_TOTAL",
                "amount": 0.075
            },
            "optional_equipment_slots": [
                "MAINHAND"
            ]
        }
    ]
}