{
    "id": "tiered:uncommon_ranged_4",
    "verifiers": [
        {
            "tag": "minecraft:enchantable/bow"
        },
        {
            "tag": "minecraft:enchantable/crossbow"
        }
    ],
    "weight": 35,
    "style": {
        "color": "dark_green"
    },
    "attributes": [
        {
            "type": "ranged_weapon:damage",
            "modifier": {
                "name": "tiered:uncommon_ranged_4",
                "operation": "ADD_MULTIPLIED_TOTAL",
                "amount": 0.1
            },
            "optional_equipment_slots": [
                "MAINHAND"
            ]
        },
        {
            "type": "ranged_weapon:pull_time",
            "modifier": {
                "name": "tiered:uncommon_ranged_4",
                "operation": "ADD_MULTIPLIED_TOTAL",
                "amount": -0.075
            },
            "optional_equipment_slots": [
                "MAINHAND"
            ]
        }
    ]
}