{
    "id": "tiered:uncommon_ranged_2",
    "verifiers": [
        {
            "tag": "minecraft:enchantable/bow"
        },
        {
            "tag": "minecraft:enchantable/crossbow"
        }
    ],
    "weight": 35,
    "style": {
        "color": "dark_green"
    },
    "attributes": [
        {
            "type": "ranged_weapon:damage",
            "modifier": {
                "name": "tiered:uncommon_ranged_2",
                "operation": "ADD_MULTIPLIED_TOTAL",
                "amount": 0.05
            },
            "optional_equipment_slots": [
                "MAINHAND"
            ]
        },
        {
            "type": "kevslibrary:crit_damage",
            "modifier": {
                "name": "tiered:uncommon_ranged_2",
                "operation": "ADD_VALUE",
                "amount": 0.075
            },
            "optional_equipment_slots": [
                "MAINHAND"
            ]
        },
        {
            "type": "generic.movement_speed",
            "modifier": {
                "name": "tiered:uncommon_ranged_2",
                "operation": "ADD_MULTIPLIED_TOTAL",
                "amount": -0.1
            },
            "optional_equipment_slots": [
                "MAINHAND"
            ]
        }
    ]
}