{
    "id": "tiered:uncommon_ranged_3",
    "verifiers": [
        {
            "tag": "minecraft:enchantable/bow"
        },
        {
            "tag": "minecraft:enchantable/crossbow"
        }
    ],
    "weight": 35,
    "style": {
        "color": "dark_green"
    },
    "attributes": [
        {
            "type": "kevslibrary:crit_chance",
            "modifier": {
                "name": "tiered:uncommon_ranged_3",
                "operation": "ADD_VALUE",
                "amount": 0.075
            },
            "optional_equipment_slots": [
                "MAINHAND"
            ]
        },
        {
            "type": "kevslibrary:crit_damage",
            "modifier": {
                "name": "tiered:uncommon_ranged_3",
                "operation": "ADD_VALUE",
                "amount": 0.5
            },
            "optional_equipment_slots": [
                "MAINHAND"
            ]
        }
    ]
}