{
  "type": "minecraft:archaeology",
  "random_sequence": "repurposed_structures:archaeology",
  "pools": [
    {
      "rolls": 1,
      "bonus_rolls": 0.0,
      "entries": [
        {
          "name": "minecraft:arms_up_pottery_sherd",
          "type": "minecraft:item",
          "weight": 2
        },
        {
          "name": "minecraft:brewer_pottery_sherd",
          "type": "minecraft:item",
          "weight": 2
        },
        {
          "name": "minecraft:brick",
          "type": "minecraft:item",
          "weight": 1
        },
        {
          "name": "minecraft:raw_copper",
          "type": "minecraft:item",
          "weight": 1
        },
        {
          "name": "minecraft:stick",
          "type": "minecraft:item",
          "weight": 1
        },
        {
          "name": "minecraft:suspicious_stew",
          "type": "minecraft:item",
          "weight": 1,
          "functions": [
            {
              "function": "minecraft:set_stew_effect",
              "effects": [
                {
                  "type": "minecraft:night_vision",
                  "duration": {
                    "type": "minecraft:uniform",
                    "min": 20.0,
                    "max": 70.0
                  }
                },
                {
                  "type": "minecraft:jump_boost",
                  "duration": {
                    "type": "minecraft:uniform",
                    "min": 20.0,
                    "max": 70.0
                  }
                },
                {
                  "type": "minecraft:weakness",
                  "duration": {
                    "type": "minecraft:uniform",
                    "min": 30.0,
                    "max": 50.0
                  }
                },
                {
                  "type": "minecraft:blindness",
                  "duration": {
                    "type": "minecraft:uniform",
                    "min": 20.0,
                    "max": 70.0
                  }
                },
                {
                  "type": "minecraft:poison",
                  "duration": {
                    "type": "minecraft:uniform",
                    "max": 20.0,
                    "min": 10.0
                  }
                },
                {
                  "type": "minecraft:saturation",
                  "duration": {
                    "type": "minecraft:uniform",
                    "min": 20.0,
                    "max": 70.0
                  }
                }
              ]
            }
          ]
        }
      ]
    }
  ]
}