{
    "id": "tiered:common_trident_3",
    "verifiers": [
        {
            "tag": "minecraft:enchantable/trident"
        }
    ],
    "weight": 75,
    "style": {
        "color": "gray"
    },
    "attributes": [
        {
            "type": "generic.attack_damage",
            "modifier": {
                "name": "tiered:common_trident_3",
                "operation": "ADD_VALUE",
                "amount": -0.5
            },
            "optional_equipment_slots": [
                "MAINHAND"
            ]
        },
        {
            "type": "kevslibrary:crit_chance",
            "modifier": {
                "name": "tiered:common_trident_3",
                "operation": "ADD_VALUE",
                "amount": 0.15
            },
            "optional_equipment_slots": [
                "MAINHAND"
            ]
        },
        {
            "type": "kevslibrary:trident_damage_multiplier",
            "modifier": {
                "name": "tiered:common_trident_3",
                "operation": "ADD_MULTIPLIED_TOTAL",
                "amount": 0.3
            },
            "optional_equipment_slots": [
                "MAINHAND"
            ]
        },
        {
            "type": "kevslibrary:multistrike_chance",
            "modifier": {
                "name": "tiered:common_trident_3",
                "operation": "ADD_VALUE",
                "amount": 0.25
            },
            "optional_equipment_slots": [
                "MAINHAND"
            ]
        }
    ]
}