{
    "id": "tiered:epic_trident_4",
    "verifiers": [
        {
            "tag": "minecraft:enchantable/trident"
        }
    ],
    "weight": 7,
    "style": {
        "color": "dark_purple"
    },
    "attributes": [
        {
            "type": "generic.attack_damage",
            "modifier": {
                "name": "tiered:epic_trident_4",
                "operation": "ADD_VALUE",
                "amount": -0.35
            },
            "optional_equipment_slots": [
                "MAINHAND"
            ]
        },
        {
            "type": "kevslibrary:crit_damage",
            "modifier": {
                "name": "tiered:epic_trident_4",
                "operation": "ADD_VALUE",
                "amount": 0.4
            },
            "optional_equipment_slots": [
                "MAINHAND"
            ]
        },
        {
            "type": "kevslibrary:trident_damage_multiplier",
            "modifier": {
                "name": "tiered:epic_trident_4",
                "operation": "ADD_MULTIPLIED_TOTAL",
                "amount": 0.4
            },
            "optional_equipment_slots": [
                "MAINHAND"
            ]
        },
        {
            "type": "kevslibrary:multistrike_chance",
            "modifier": {
                "name": "tiered:epic_trident_4",
                "operation": "ADD_VALUE",
                "amount": 0.3
            },
            "optional_equipment_slots": [
                "MAINHAND"
            ]
        }
    ]
}