{
    "id": "tiered:uncommon_trident_4",
    "verifiers": [
        {
            "tag": "minecraft:enchantable/trident"
        }
    ],
    "weight": 60,
    "style": {
        "color": "dark_green"
    },
    "attributes": [
        {
            "type": "generic.attack_damage",
            "modifier": {
                "name": "tiered:uncommon_trident_4",
                "operation": "ADD_VALUE",
                "amount": -0.45
            },
            "optional_equipment_slots": [
                "MAINHAND"
            ]
        },
        {
            "type": "kevslibrary:crit_damage",
            "modifier": {
                "name": "tiered:uncommon_trident_4",
                "operation": "ADD_VALUE",
                "amount": 0.325
            },
            "optional_equipment_slots": [
                "MAINHAND"
            ]
        },
        {
            "type": "kevslibrary:trident_damage_multiplier",
            "modifier": {
                "name": "tiered:uncommon_trident_4",
                "operation": "ADD_MULTIPLIED_TOTAL",
                "amount": 0.25
            },
            "optional_equipment_slots": [
                "MAINHAND"
            ]
        },
        {
            "type": "kevslibrary:multistrike_chance",
            "modifier": {
                "name": "tiered:uncommon_trident_4",
                "operation": "ADD_VALUE",
                "amount": 0.225
            },
            "optional_equipment_slots": [
                "MAINHAND"
            ]
        }
    ]
}