{
    "id": "tiered:uncommon_trident_1",
    "verifiers": [
        {
            "tag": "minecraft:enchantable/trident"
        }
    ],
    "weight": 60,
    "style": {
        "color": "dark_green"
    },
    "attributes": [
        {
            "type": "generic.attack_speed",
            "modifier": {
                "name": "tiered:uncommon_trident_1",
                "operation": "ADD_MULTIPLIED_TOTAL",
                "amount": 0.125
            },
            "optional_equipment_slots": [
                "MAINHAND"
            ]
        },
        {
            "type": "kevslibrary:crit_chance",
            "modifier": {
                "name": "tiered:uncommon_trident_1",
                "operation": "ADD_VALUE",
                "amount": 0.125
            },
            "optional_equipment_slots": [
                "MAINHAND"
            ]
        },
        {
            "type": "kevslibrary:multistrike_chance",
            "modifier": {
                "name": "tiered:uncommon_trident_1",
                "operation": "ADD_VALUE",
                "amount": 0.175
            },
            "optional_equipment_slots": [
                "MAINHAND"
            ]
        }
    ]
}