{
    "id": "tiered:unique_trident_1",
    "verifiers": [
        {
            "tag": "minecraft:enchantable/trident"
        }
    ],
    "weight": 1,
    "style": {
        "color": "light_purple"
    },
    "attributes": [
        {
            "type": "generic.attack_speed",
            "modifier": {
                "name": "tiered:unique_trident_1",
                "operation": "ADD_MULTIPLIED_TOTAL",
                "amount": 0.4
            },
            "optional_equipment_slots": [
                "MAINHAND"
            ]
        },
        {
            "type": "minecraft:player.entity_interaction_range",
            "modifier": {
                "name": "tiered:unique_trident_1",
                "operation": "ADD_VALUE",
                "amount": 1
            },
            "optional_equipment_slots": [
                "MAINHAND"
            ]
        },
        {
            "type": "kevslibrary:crit_chance",
            "modifier": {
                "name": "tiered:unique_trident_1",
                "operation": "ADD_VALUE",
                "amount": 0.4
            },
            "optional_equipment_slots": [
                "MAINHAND"
            ]
        },
        {
            "type": "kevslibrary:multistrike_chance",
            "modifier": {
                "name": "tiered:unique_trident_1",
                "operation": "ADD_VALUE",
                "amount": 0.4
            },
            "optional_equipment_slots": [
                "MAINHAND"
            ]
        },
        {
            "type": "kevslibrary:multistrike_count",
            "modifier": {
                "name": "tiered:unique_trident_1",
                "operation": "ADD_VALUE",
                "amount": 2
            },
            "optional_equipment_slots": [
                "MAINHAND"
            ]
        }
    ]
}