{
  "type": "minecraft:chest",
  "random_sequence": "repurposed_structures:chests",
  "pools": [
    {
      "rolls": 0,
      "bonus_rolls": 1,
      "entries": [
        {
          "type": "minecraft:empty",
          "weight": 300
        },
        {
          "name": "minecraft:experience_bottle",
          "type": "minecraft:item",
          "weight": 30
        },
        {
          "name": "minecraft:black_banner",
          "type": "minecraft:item",
          "weight": 1,
          "functions": [
            {
              "function": "minecraft:set_banner_pattern",
              "append": true,
              "patterns": [
                {
                  "pattern": "minecraft:stripe_top",
                  "color": "lime"
                },
                {
                  "pattern": "minecraft:rhombus",
                  "color": "black"
                },
                {
                  "pattern": "minecraft:rhombus",
                  "color": "black"
                },
                {
                  "pattern": "minecraft:stripe_downleft",
                  "color": "lime"
                },
                {
                  "pattern": "minecraft:stripe_bottom",
                  "color": "black"
                },
                {
                  "pattern": "minecraft:stripe_bottom",
                  "color": "black"
                },
                {
                  "pattern": "minecraft:stripe_bottom",
                  "color": "black"
                },
                {
                  "pattern": "minecraft:triangles_bottom",
                  "color": "lime"
                },
                {
                  "pattern": "minecraft:curly_border",
                  "color": "black"
                },
                {
                  "pattern": "minecraft:curly_border",
                  "color": "black"
                },
                {
                  "pattern": "minecraft:curly_border",
                  "color": "black"
                },
                {
                  "pattern": "minecraft:curly_border",
                  "color": "black"
                }
              ]
            }
          ]
        },
        {
          "name": "minecraft:white_banner",
          "type": "minecraft:item",
          "weight": 1,
          "functions": [
            {
              "function": "minecraft:set_banner_pattern",
              "append": true,
              "patterns": [
                {
                  "pattern": "minecraft:half_horizontal",
                  "color": "white"
                },
                {
                  "pattern": "minecraft:half_horizontal_bottom",
                  "color": "white"
                },
                {
                  "pattern": "minecraft:stripe_downleft",
                  "color": "light_blue"
                },
                {
                  "pattern": "minecraft:stripe_downleft",
                  "color": "light_blue"
                },
                {
                  "pattern": "minecraft:stripe_downleft",
                  "color": "light_blue"
                },
                {
                  "pattern": "minecraft:stripe_downleft",
                  "color": "light_blue"
                },
                {
                  "pattern": "minecraft:stripe_left",
                  "color": "white"
                },
                {
                  "pattern": "minecraft:stripe_right",
                  "color": "white"
                },
                {
                  "pattern": "minecraft:stripe_left",
                  "color": "white"
                },
                {
                  "pattern": "minecraft:stripe_right",
                  "color": "white"
                },
                {
                  "pattern": "minecraft:stripe_left",
                  "color": "white"
                },
                {
                  "pattern": "minecraft:stripe_right",
                  "color": "white"
                }
              ]
            }
          ]
        },
        {
          "name": "minecraft:orange_banner",
          "type": "minecraft:item",
          "weight": 1,
          "functions": [
            {
              "function": "minecraft:set_banner_pattern",
              "append": true,
              "patterns": [
                {
                  "pattern": "minecraft:half_horizontal",
                  "color": "orange"
                },
                {
                  "pattern": "minecraft:small_stripes",
                  "color": "white"
                },
                {
                  "pattern": "minecraft:small_stripes",
                  "color": "white"
                },
                {
                  "pattern": "minecraft:small_stripes",
                  "color": "white"
                },
                {
                  "pattern": "minecraft:stripe_right",
                  "color": "white"
                },
                {
                  "pattern": "minecraft:curly_border",
                  "color": "orange"
                },
                {
                  "pattern": "minecraft:stripe_top",
                  "color": "orange"
                },
                {
                  "pattern": "minecraft:half_horizontal_bottom",
                  "color": "orange"
                },
                {
                  "pattern": "minecraft:curly_border",
                  "color": "orange"
                },
                {
                  "pattern": "minecraft:curly_border",
                  "color": "orange"
                },
                {
                  "pattern": "minecraft:stripe_top",
                  "color": "orange"
                },
                {
                  "pattern": "minecraft:stripe_top",
                  "color": "orange"
                }
              ]
            }
          ]
        },
        {
          "name": "minecraft:red_banner",
          "type": "minecraft:item",
          "weight": 1,
          "functions": [
            {
              "function": "minecraft:set_banner_pattern",
              "append": true,
              "patterns": [
                {
                  "pattern": "minecraft:half_horizontal_bottom",
                  "color": "red"
                },
                {
                  "pattern": "minecraft:half_horizontal",
                  "color": "red"
                },
                {
                  "pattern": "minecraft:rhombus",
                  "color": "white"
                },
                {
                  "pattern": "minecraft:rhombus",
                  "color": "white"
                },
                {
                  "pattern": "minecraft:rhombus",
                  "color": "white"
                },
                {
                  "pattern": "minecraft:half_vertical",
                  "color": "red"
                },
                {
                  "pattern": "minecraft:half_vertical",
                  "color": "red"
                },
                {
                  "pattern": "minecraft:half_vertical",
                  "color": "red"
                },
                {
                  "pattern": "minecraft:half_vertical",
                  "color": "red"
                },
                {
                  "pattern": "minecraft:half_vertical",
                  "color": "red"
                },
                {
                  "pattern": "minecraft:half_vertical",
                  "color": "red"
                },
                {
                  "pattern": "minecraft:half_vertical",
                  "color": "red"
                }
              ]
            }
          ]
        },
        {
          "name": "minecraft:white_banner",
          "type": "minecraft:item",
          "weight": 1,
          "functions": [
            {
              "function": "minecraft:set_banner_pattern",
              "append": true,
              "patterns": [
                {
                  "pattern": "minecraft:stripe_bottom",
                  "color": "purple"
                },
                {
                  "pattern": "minecraft:rhombus",
                  "color": "white"
                },
                {
                  "pattern": "minecraft:rhombus",
                  "color": "white"
                },
                {
                  "pattern": "minecraft:square_bottom_left",
                  "color": "purple"
                },
                {
                  "pattern": "minecraft:border",
                  "color": "purple"
                },
                {
                  "pattern": "minecraft:stripe_top",
                  "color": "purple"
                },
                {
                  "pattern": "minecraft:piglin",
                  "color": "purple"
                },
                {
                  "pattern": "minecraft:stripe_top",
                  "color": "purple"
                },
                {
                  "pattern": "minecraft:border",
                  "color": "purple"
                },
                {
                  "pattern": "minecraft:border",
                  "color": "purple"
                },
                {
                  "pattern": "minecraft:square_bottom_left",
                  "color": "purple"
                },
                {
                  "pattern": "minecraft:square_bottom_left",
                  "color": "purple"
                }
              ]
            }
          ]
        },
        {
          "name": "minecraft:black_banner",
          "type": "minecraft:item",
          "weight": 1,
          "functions": [
            {
              "function": "minecraft:set_banner_pattern",
              "append": true,
              "patterns": [
                {
                  "pattern": "minecraft:half_horizontal_bottom",
                  "color": "black"
                },
                {
                  "pattern": "minecraft:half_horizontal",
                  "color": "black"
                },
                {
                  "pattern": "minecraft:stripe_left",
                  "color": "red"
                },
                {
                  "pattern": "minecraft:stripe_left",
                  "color": "red"
                },
                {
                  "pattern": "minecraft:stripe_right",
                  "color": "red"
                },
                {
                  "pattern": "minecraft:stripe_right",
                  "color": "red"
                },
                {
                  "pattern": "minecraft:gradient",
                  "color": "black"
                },
                {
                  "pattern": "minecraft:stripe_downright",
                  "color": "red"
                },
                {
                  "pattern": "minecraft:border",
                  "color": "black"
                },
                {
                  "pattern": "minecraft:border",
                  "color": "black"
                },
                {
                  "pattern": "minecraft:border",
                  "color": "black"
                },
                {
                  "pattern": "minecraft:border",
                  "color": "black"
                }
              ]
            }
          ]
        },
        {
          "name": "minecraft:lime_banner",
          "type": "minecraft:item",
          "weight": 1,
          "functions": [
            {
              "function": "minecraft:set_banner_pattern",
              "append": true,
              "patterns": [
                {
                  "pattern": "minecraft:stripe_right",
                  "color": "yellow"
                },
                {
                  "pattern": "minecraft:square_bottom_right",
                  "color": "yellow"
                },
                {
                  "pattern": "minecraft:square_bottom_right",
                  "color": "yellow"
                },
                {
                  "pattern": "minecraft:square_bottom_right",
                  "color": "yellow"
                },
                {
                  "pattern": "minecraft:triangle_top",
                  "color": "red"
                },
                {
                  "pattern": "minecraft:triangle_top",
                  "color": "red"
                },
                {
                  "pattern": "minecraft:triangle_top",
                  "color": "red"
                },
                {
                  "pattern": "minecraft:square_top_left",
                  "color": "red"
                },
                {
                  "pattern": "minecraft:square_top_left",
                  "color": "red"
                },
                {
                  "pattern": "minecraft:circle",
                  "color": "white"
                },
                {
                  "pattern": "minecraft:circle",
                  "color": "white"
                },
                {
                  "pattern": "minecraft:circle",
                  "color": "blue"
                }
              ]
            }
          ]
        },
        {
          "name": "minecraft:green_banner",
          "type": "minecraft:item",
          "weight": 1,
          "functions": [
            {
              "function": "minecraft:set_banner_pattern",
              "append": true,
              "patterns": [
                {
                  "pattern": "minecraft:triangle_bottom",
                  "color": "lime"
                },
                {
                  "pattern": "minecraft:bricks",
                  "color": "black"
                },
                {
                  "pattern": "minecraft:gradient_up",
                  "color": "lime"
                },
                {
                  "pattern": "minecraft:rhombus",
                  "color": "black"
                },
                {
                  "pattern": "minecraft:creeper",
                  "color": "lime"
                },
                {
                  "pattern": "minecraft:diagonal_right",
                  "color": "green"
                },
                {
                  "pattern": "minecraft:diagonal_left",
                  "color": "green"
                },
                {
                  "pattern": "minecraft:diagonal_right",
                  "color": "green"
                },
                {
                  "pattern": "minecraft:diagonal_left",
                  "color": "green"
                },
                {
                  "pattern": "minecraft:triangle_top",
                  "color": "lime"
                },
                {
                  "pattern": "minecraft:gradient",
                  "color": "orange"
                },
                {
                  "pattern": "minecraft:gradient",
                  "color": "green"
                }
              ]
            }
          ]
        },
        {
          "name": "minecraft:yellow_banner",
          "type": "minecraft:item",
          "weight": 1,
          "functions": [
            {
              "function": "minecraft:set_banner_pattern",
              "append": true,
              "patterns": [
                {
                  "pattern": "minecraft:flower",
                  "color": "black"
                },
                {
                  "pattern": "minecraft:circle",
                  "color": "yellow"
                },
                {
                  "pattern": "minecraft:small_stripes",
                  "color": "black"
                },
                {
                  "pattern": "minecraft:border",
                  "color": "yellow"
                },
                {
                  "pattern": "minecraft:flower",
                  "color": "yellow"
                },
                {
                  "pattern": "minecraft:gradient_up",
                  "color": "black"
                },
                {
                  "pattern": "minecraft:stripe_top",
                  "color": "black"
                },
                {
                  "pattern": "minecraft:stripe_top",
                  "color": "black"
                },
                {
                  "pattern": "minecraft:curly_border",
                  "color": "black"
                },
                {
                  "pattern": "minecraft:gradient_up",
                  "color": "lime"
                },
                {
                  "pattern": "minecraft:triangle_bottom",
                  "color": "black"
                },
                {
                  "pattern": "minecraft:triangle_bottom",
                  "color": "black"
                }
              ]
            }
          ]
        },
        {
          "name": "minecraft:white_banner",
          "type": "minecraft:item",
          "weight": 1,
          "functions": [
            {
              "function": "minecraft:set_banner_pattern",
              "append": true,
              "patterns": [
                {
                  "pattern": "minecraft:half_horizontal",
                  "color": "white"
                },
                {
                  "pattern": "minecraft:half_horizontal_bottom",
                  "color": "white"
                },
                {
                  "pattern": "minecraft:square_top_left",
                  "color": "red"
                },
                {
                  "pattern": "minecraft:square_top_left",
                  "color": "red"
                },
                {
                  "pattern": "minecraft:square_top_right",
                  "color": "lime"
                },
                {
                  "pattern": "minecraft:square_top_right",
                  "color": "lime"
                },
                {
                  "pattern": "minecraft:square_bottom_left",
                  "color": "light_blue"
                },
                {
                  "pattern": "minecraft:square_bottom_right",
                  "color": "yellow"
                },
                {
                  "pattern": "minecraft:square_bottom_left",
                  "color": "light_blue"
                },
                {
                  "pattern": "minecraft:straight_cross",
                  "color": "white"
                },
                {
                  "pattern": "minecraft:straight_cross",
                  "color": "white"
                },
                {
                  "pattern": "minecraft:straight_cross",
                  "color": "white"
                }
              ]
            }
          ]
        },
        {
          "name": "minecraft:black_banner",
          "type": "minecraft:item",
          "weight": 1,
          "functions": [
            {
              "function": "minecraft:set_banner_pattern",
              "append": true,
              "patterns": [
                {
                  "pattern": "minecraft:half_vertical_right",
                  "color": "white"
                },
                {
                  "pattern": "minecraft:straight_cross",
                  "color": "red"
                },
                {
                  "pattern": "minecraft:straight_cross",
                  "color": "red"
                },
                {
                  "pattern": "minecraft:straight_cross",
                  "color": "red"
                },
                {
                  "pattern": "minecraft:square_bottom_left",
                  "color": "black"
                },
                {
                  "pattern": "minecraft:square_bottom_right",
                  "color": "white"
                },
                {
                  "pattern": "minecraft:square_top_right",
                  "color": "white"
                },
                {
                  "pattern": "minecraft:square_top_left",
                  "color": "black"
                },
                {
                  "pattern": "minecraft:square_top_left",
                  "color": "black"
                },
                {
                  "pattern": "minecraft:square_top_right",
                  "color": "white"
                },
                {
                  "pattern": "minecraft:square_bottom_right",
                  "color": "white"
                },
                {
                  "pattern": "minecraft:square_bottom_left",
                  "color": "black"
                }
              ]
            }
          ]
        },
        {
          "name": "minecraft:white_banner",
          "type": "minecraft:item",
          "weight": 1,
          "functions": [
            {
              "function": "minecraft:set_banner_pattern",
              "append": true,
              "patterns": [
                {
                  "pattern": "minecraft:half_horizontal",
                  "color": "white"
                },
                {
                  "pattern": "minecraft:half_horizontal_bottom",
                  "color": "white"
                },
                {
                  "pattern": "minecraft:stripe_right",
                  "color": "yellow"
                },
                {
                  "pattern": "minecraft:stripe_right",
                  "color": "yellow"
                },
                {
                  "pattern": "minecraft:stripe_right",
                  "color": "yellow"
                },
                {
                  "pattern": "minecraft:stripe_right",
                  "color": "yellow"
                },
                {
                  "pattern": "minecraft:stripe_right",
                  "color": "yellow"
                },
                {
                  "pattern": "minecraft:stripe_left",
                  "color": "purple"
                },
                {
                  "pattern": "minecraft:stripe_left",
                  "color": "purple"
                },
                {
                  "pattern": "minecraft:stripe_left",
                  "color": "purple"
                },
                {
                  "pattern": "minecraft:stripe_left",
                  "color": "purple"
                },
                {
                  "pattern": "minecraft:stripe_left",
                  "color": "purple"
                }
              ]
            }
          ]
        },
        {
          "name": "minecraft:blue_banner",
          "type": "minecraft:item",
          "weight": 1,
          "functions": [
            {
              "function": "minecraft:set_banner_pattern",
              "append": true,
              "patterns": [
                {
                  "pattern": "minecraft:half_horizontal",
                  "color": "yellow"
                },
                {
                  "pattern": "minecraft:half_horizontal_bottom",
                  "color": "yellow"
                },
                {
                  "pattern": "minecraft:stripe_middle",
                  "color": "blue"
                },
                {
                  "pattern": "minecraft:stripe_top",
                  "color": "blue"
                },
                {
                  "pattern": "minecraft:stripe_bottom",
                  "color": "blue"
                },
                {
                  "pattern": "minecraft:border",
                  "color": "blue"
                },
                {
                  "pattern": "minecraft:border",
                  "color": "blue"
                },
                {
                  "pattern": "minecraft:border",
                  "color": "blue"
                },
                {
                  "pattern": "minecraft:stripe_top",
                  "color": "blue"
                },
                {
                  "pattern": "minecraft:stripe_bottom",
                  "color": "blue"
                },
                {
                  "pattern": "minecraft:stripe_middle",
                  "color": "blue"
                },
                {
                  "pattern": "minecraft:stripe_middle",
                  "color": "blue"
                }
              ]
            }
          ]
        },
        {
          "name": "minecraft:blue_banner",
          "type": "minecraft:item",
          "weight": 1,
          "functions": [
            {
              "function": "minecraft:set_banner_pattern",
              "append": true,
              "patterns": [
                {
                  "pattern": "minecraft:half_horizontal_bottom",
                  "color": "blue"
                },
                {
                  "pattern": "minecraft:half_horizontal",
                  "color": "blue"
                },
                {
                  "pattern": "minecraft:flower",
                  "color": "yellow"
                },
                {
                  "pattern": "minecraft:flower",
                  "color": "yellow"
                },
                {
                  "pattern": "minecraft:flower",
                  "color": "yellow"
                },
                {
                  "pattern": "minecraft:small_stripes",
                  "color": "blue"
                },
                {
                  "pattern": "minecraft:small_stripes",
                  "color": "blue"
                },
                {
                  "pattern": "minecraft:piglin",
                  "color": "blue"
                },
                {
                  "pattern": "minecraft:circle",
                  "color": "blue"
                },
                {
                  "pattern": "minecraft:circle",
                  "color": "blue"
                },
                {
                  "pattern": "minecraft:circle",
                  "color": "blue"
                },
                {
                  "pattern": "minecraft:border",
                  "color": "blue"
                }
              ]
            }
          ]
        },
        {
          "name": "minecraft:light_blue_banner",
          "type": "minecraft:item",
          "weight": 1,
          "functions": [
            {
              "function": "minecraft:set_banner_pattern",
              "append": true,
              "patterns": [
                {
                  "pattern": "minecraft:half_horizontal_bottom",
                  "color": "light_blue"
                },
                {
                  "pattern": "minecraft:half_horizontal",
                  "color": "light_blue"
                },
                {
                  "pattern": "minecraft:triangles_bottom",
                  "color": "white"
                },
                {
                  "pattern": "minecraft:curly_border",
                  "color": "white"
                },
                {
                  "pattern": "minecraft:triangles_bottom",
                  "color": "white"
                },
                {
                  "pattern": "minecraft:curly_border",
                  "color": "white"
                },
                {
                  "pattern": "minecraft:border",
                  "color": "light_blue"
                },
                {
                  "pattern": "minecraft:stripe_top",
                  "color": "light_blue"
                },
                {
                  "pattern": "minecraft:globe",
                  "color": "white"
                },
                {
                  "pattern": "minecraft:globe",
                  "color": "white"
                },
                {
                  "pattern": "minecraft:globe",
                  "color": "white"
                },
                {
                  "pattern": "minecraft:globe",
                  "color": "white"
                }
              ]
            }
          ]
        },
        {
          "name": "minecraft:white_banner",
          "type": "minecraft:item",
          "weight": 1,
          "functions": [
            {
              "function": "minecraft:set_banner_pattern",
              "append": true,
              "patterns": [
                {
                  "pattern": "minecraft:half_horizontal",
                  "color": "white"
                },
                {
                  "pattern": "minecraft:half_horizontal_bottom",
                  "color": "white"
                },
                {
                  "pattern": "minecraft:straight_cross",
                  "color": "red"
                },
                {
                  "pattern": "minecraft:straight_cross",
                  "color": "red"
                },
                {
                  "pattern": "minecraft:straight_cross",
                  "color": "red"
                },
                {
                  "pattern": "minecraft:border",
                  "color": "white"
                },
                {
                  "pattern": "minecraft:border",
                  "color": "white"
                },
                {
                  "pattern": "minecraft:border",
                  "color": "white"
                },
                {
                  "pattern": "minecraft:stripe_top",
                  "color": "white"
                },
                {
                  "pattern": "minecraft:stripe_top",
                  "color": "white"
                },
                {
                  "pattern": "minecraft:stripe_bottom",
                  "color": "white"
                },
                {
                  "pattern": "minecraft:stripe_bottom",
                  "color": "white"
                }
              ]
            }
          ]
        },
        {
          "name": "minecraft:black_banner",
          "type": "minecraft:item",
          "weight": 1,
          "functions": [
            {
              "function": "minecraft:set_banner_pattern",
              "append": true,
              "patterns": [
                {
                  "pattern": "minecraft:bricks",
                  "color": "white"
                },
                {
                  "pattern": "minecraft:bricks",
                  "color": "white"
                },
                {
                  "pattern": "minecraft:small_stripes",
                  "color": "black"
                },
                {
                  "pattern": "minecraft:small_stripes",
                  "color": "black"
                },
                {
                  "pattern": "minecraft:small_stripes",
                  "color": "black"
                },
                {
                  "pattern": "minecraft:small_stripes",
                  "color": "black"
                },
                {
                  "pattern": "minecraft:stripe_center",
                  "color": "white"
                },
                {
                  "pattern": "minecraft:stripe_center",
                  "color": "white"
                },
                {
                  "pattern": "minecraft:stripe_center",
                  "color": "white"
                },
                {
                  "pattern": "minecraft:border",
                  "color": "black"
                },
                {
                  "pattern": "minecraft:border",
                  "color": "black"
                },
                {
                  "pattern": "minecraft:border",
                  "color": "black"
                }
              ]
            }
          ]
        },
        {
          "name": "minecraft:black_banner",
          "type": "minecraft:item",
          "weight": 1,
          "functions": [
            {
              "function": "minecraft:set_banner_pattern",
              "append": true,
              "patterns": [
                {
                  "pattern": "minecraft:stripe_center",
                  "color": "black"
                },
                {
                  "pattern": "minecraft:stripe_left",
                  "color": "red"
                },
                {
                  "pattern": "minecraft:stripe_left",
                  "color": "red"
                },
                {
                  "pattern": "minecraft:stripe_left",
                  "color": "red"
                },
                {
                  "pattern": "minecraft:stripe_right",
                  "color": "green"
                },
                {
                  "pattern": "minecraft:stripe_right",
                  "color": "green"
                },
                {
                  "pattern": "minecraft:stripe_right",
                  "color": "green"
                },
                {
                  "pattern": "minecraft:stripe_right",
                  "color": "green"
                },
                {
                  "pattern": "minecraft:stripe_right",
                  "color": "green"
                },
                {
                  "pattern": "minecraft:stripe_left",
                  "color": "red"
                },
                {
                  "pattern": "minecraft:stripe_left",
                  "color": "red"
                },
                {
                  "pattern": "minecraft:stripe_center",
                  "color": "black"
                }
              ]
            }
          ]
        },
        {
          "name": "minecraft:white_banner",
          "type": "minecraft:item",
          "weight": 1,
          "functions": [
            {
              "function": "minecraft:set_banner_pattern",
              "append": true,
              "patterns": [
                {
                  "pattern": "minecraft:half_horizontal_bottom",
                  "color": "black"
                },
                {
                  "pattern": "minecraft:half_horizontal",
                  "color": "white"
                },
                {
                  "pattern": "minecraft:stripe_bottom",
                  "color": "blue"
                },
                {
                  "pattern": "minecraft:stripe_bottom",
                  "color": "blue"
                },
                {
                  "pattern": "minecraft:stripe_bottom",
                  "color": "blue"
                },
                {
                  "pattern": "minecraft:stripe_top",
                  "color": "magenta"
                },
                {
                  "pattern": "minecraft:stripe_top",
                  "color": "magenta"
                },
                {
                  "pattern": "minecraft:stripe_top",
                  "color": "magenta"
                },
                {
                  "pattern": "minecraft:stripe_middle",
                  "color": "purple"
                },
                {
                  "pattern": "minecraft:stripe_middle",
                  "color": "purple"
                },
                {
                  "pattern": "minecraft:stripe_middle",
                  "color": "purple"
                },
                {
                  "pattern": "minecraft:stripe_middle",
                  "color": "purple"
                }
              ]
            }
          ]
        },
        {
          "name": "minecraft:white_banner",
          "type": "minecraft:item",
          "weight": 1,
          "functions": [
            {
              "function": "minecraft:set_banner_pattern",
              "append": true,
              "patterns": [
                {
                  "pattern": "minecraft:half_horizontal_bottom",
                  "color": "gray"
                },
                {
                  "pattern": "minecraft:half_horizontal_bottom",
                  "color": "gray"
                },
                {
                  "pattern": "minecraft:stripe_bottom",
                  "color": "black"
                },
                {
                  "pattern": "minecraft:stripe_bottom",
                  "color": "black"
                },
                {
                  "pattern": "minecraft:stripe_bottom",
                  "color": "black"
                },
                {
                  "pattern": "minecraft:half_horizontal",
                  "color": "lime"
                },
                {
                  "pattern": "minecraft:stripe_top",
                  "color": "green"
                },
                {
                  "pattern": "minecraft:stripe_top",
                  "color": "green"
                },
                {
                  "pattern": "minecraft:stripe_middle",
                  "color": "white"
                },
                {
                  "pattern": "minecraft:stripe_middle",
                  "color": "white"
                },
                {
                  "pattern": "minecraft:stripe_middle",
                  "color": "white"
                },
                {
                  "pattern": "minecraft:stripe_top",
                  "color": "green"
                }
              ]
            }
          ]
        },
        {
          "name": "minecraft:purple_banner",
          "type": "minecraft:item",
          "weight": 1,
          "functions": [
            {
              "function": "minecraft:set_banner_pattern",
              "append": true,
              "patterns": [
                {
                  "pattern": "minecraft:stripe_center",
                  "color": "purple"
                },
                {
                  "pattern": "minecraft:stripe_left",
                  "color": "magenta"
                },
                {
                  "pattern": "minecraft:stripe_left",
                  "color": "magenta"
                },
                {
                  "pattern": "minecraft:stripe_left",
                  "color": "magenta"
                },
                {
                  "pattern": "minecraft:stripe_right",
                  "color": "blue"
                },
                {
                  "pattern": "minecraft:stripe_right",
                  "color": "blue"
                },
                {
                  "pattern": "minecraft:stripe_right",
                  "color": "blue"
                },
                {
                  "pattern": "minecraft:stripe_right",
                  "color": "blue"
                },
                {
                  "pattern": "minecraft:stripe_right",
                  "color": "blue"
                },
                {
                  "pattern": "minecraft:stripe_left",
                  "color": "magenta"
                },
                {
                  "pattern": "minecraft:stripe_left",
                  "color": "magenta"
                },
                {
                  "pattern": "minecraft:stripe_center",
                  "color": "purple"
                }
              ]
            }
          ]
        },
        {
          "name": "minecraft:yellow_banner",
          "type": "minecraft:item",
          "weight": 1,
          "functions": [
            {
              "function": "minecraft:set_banner_pattern",
              "append": true,
              "patterns": [
                {
                  "pattern": "minecraft:half_horizontal",
                  "color": "yellow"
                },
                {
                  "pattern": "minecraft:gradient",
                  "color": "red"
                },
                {
                  "pattern": "minecraft:gradient_up",
                  "color": "red"
                },
                {
                  "pattern": "minecraft:gradient",
                  "color": "yellow"
                },
                {
                  "pattern": "minecraft:gradient",
                  "color": "yellow"
                },
                {
                  "pattern": "minecraft:gradient_up",
                  "color": "magenta"
                },
                {
                  "pattern": "minecraft:gradient_up",
                  "color": "purple"
                },
                {
                  "pattern": "minecraft:gradient",
                  "color": "yellow"
                },
                {
                  "pattern": "minecraft:gradient",
                  "color": "red"
                },
                {
                  "pattern": "minecraft:stripe_middle",
                  "color": "white"
                },
                {
                  "pattern": "minecraft:stripe_middle",
                  "color": "white"
                },
                {
                  "pattern": "minecraft:stripe_middle",
                  "color": "white"
                }
              ]
            }
          ]
        },
        {
          "name": "minecraft:yellow_banner",
          "type": "minecraft:item",
          "weight": 1,
          "functions": [
            {
              "function": "minecraft:set_banner_pattern",
              "append": true,
              "patterns": [
                {
                  "pattern": "minecraft:half_horizontal_bottom",
                  "color": "yellow"
                },
                {
                  "pattern": "minecraft:half_horizontal",
                  "color": "yellow"
                },
                {
                  "pattern": "minecraft:stripe_top",
                  "color": "pink"
                },
                {
                  "pattern": "minecraft:stripe_top",
                  "color": "pink"
                },
                {
                  "pattern": "minecraft:stripe_top",
                  "color": "pink"
                },
                {
                  "pattern": "minecraft:stripe_top",
                  "color": "pink"
                },
                {
                  "pattern": "minecraft:stripe_top",
                  "color": "pink"
                },
                {
                  "pattern": "minecraft:stripe_bottom",
                  "color": "light_blue"
                },
                {
                  "pattern": "minecraft:stripe_bottom",
                  "color": "light_blue"
                },
                {
                  "pattern": "minecraft:stripe_bottom",
                  "color": "light_blue"
                },
                {
                  "pattern": "minecraft:stripe_bottom",
                  "color": "light_blue"
                },
                {
                  "pattern": "minecraft:stripe_bottom",
                  "color": "light_blue"
                }
              ]
            }
          ]
        },
        {
          "name": "minecraft:white_banner",
          "type": "minecraft:item",
          "weight": 1,
          "functions": [
            {
              "function": "minecraft:set_banner_pattern",
              "append": true,
              "patterns": [
                {
                  "pattern": "minecraft:half_horizontal",
                  "color": "white"
                },
                {
                  "pattern": "minecraft:stripe_top",
                  "color": "yellow"
                },
                {
                  "pattern": "minecraft:stripe_top",
                  "color": "yellow"
                },
                {
                  "pattern": "minecraft:half_horizontal_bottom",
                  "color": "purple"
                },
                {
                  "pattern": "minecraft:half_horizontal_bottom",
                  "color": "purple"
                },
                {
                  "pattern": "minecraft:half_horizontal_bottom",
                  "color": "purple"
                },
                {
                  "pattern": "minecraft:half_horizontal_bottom",
                  "color": "purple"
                },
                {
                  "pattern": "minecraft:half_horizontal_bottom",
                  "color": "purple"
                },
                {
                  "pattern": "minecraft:half_horizontal_bottom",
                  "color": "purple"
                },
                {
                  "pattern": "minecraft:stripe_bottom",
                  "color": "black"
                },
                {
                  "pattern": "minecraft:stripe_bottom",
                  "color": "black"
                },
                {
                  "pattern": "minecraft:stripe_bottom",
                  "color": "black"
                }
              ]
            }
          ]
        },
        {
          "name": "minecraft:light_gray_banner",
          "type": "minecraft:item",
          "weight": 1,
          "functions": [
            {
              "function": "minecraft:set_banner_pattern",
              "append": true,
              "patterns": [
                {
                  "pattern": "minecraft:half_horizontal",
                  "color": "light_gray"
                },
                {
                  "pattern": "minecraft:stripe_top",
                  "color": "black"
                },
                {
                  "pattern": "minecraft:half_horizontal_bottom",
                  "color": "white"
                },
                {
                  "pattern": "minecraft:half_horizontal_bottom",
                  "color": "white"
                },
                {
                  "pattern": "minecraft:half_horizontal_bottom",
                  "color": "white"
                },
                {
                  "pattern": "minecraft:half_horizontal_bottom",
                  "color": "white"
                },
                {
                  "pattern": "minecraft:half_horizontal_bottom",
                  "color": "white"
                },
                {
                  "pattern": "minecraft:half_horizontal_bottom",
                  "color": "white"
                },
                {
                  "pattern": "minecraft:stripe_bottom",
                  "color": "purple"
                },
                {
                  "pattern": "minecraft:stripe_bottom",
                  "color": "purple"
                },
                {
                  "pattern": "minecraft:stripe_bottom",
                  "color": "purple"
                },
                {
                  "pattern": "minecraft:stripe_top",
                  "color": "black"
                }
              ]
            }
          ]
        },
        {
          "name": "minecraft:red_banner",
          "type": "minecraft:item",
          "weight": 1,
          "functions": [
            {
              "function": "minecraft:set_banner_pattern",
              "append": true,
              "patterns": [
                {
                  "pattern": "minecraft:half_horizontal_bottom",
                  "color": "green"
                },
                {
                  "pattern": "minecraft:stripe_bottom",
                  "color": "blue"
                },
                {
                  "pattern": "minecraft:stripe_bottom",
                  "color": "blue"
                },
                {
                  "pattern": "minecraft:triangles_bottom",
                  "color": "purple"
                },
                {
                  "pattern": "minecraft:half_horizontal",
                  "color": "yellow"
                },
                {
                  "pattern": "minecraft:stripe_top",
                  "color": "orange"
                },
                {
                  "pattern": "minecraft:stripe_top",
                  "color": "orange"
                },
                {
                  "pattern": "minecraft:triangles_top",
                  "color": "red"
                },
                {
                  "pattern": "minecraft:triangles_top",
                  "color": "red"
                },
                {
                  "pattern": "minecraft:triangles_bottom",
                  "color": "purple"
                },
                {
                  "pattern": "minecraft:triangles_bottom",
                  "color": "purple"
                },
                {
                  "pattern": "minecraft:triangles_top",
                  "color": "red"
                }
              ]
            }
          ]
        },
        {
          "name": "minecraft:yellow_banner",
          "type": "minecraft:item",
          "weight": 1,
          "functions": [
            {
              "function": "minecraft:set_banner_pattern",
              "append": true,
              "patterns": [
                {
                  "pattern": "minecraft:half_horizontal_bottom",
                  "color": "yellow"
                },
                {
                  "pattern": "minecraft:half_horizontal",
                  "color": "blue"
                },
                {
                  "pattern": "minecraft:half_horizontal",
                  "color": "blue"
                },
                {
                  "pattern": "minecraft:half_horizontal",
                  "color": "blue"
                },
                {
                  "pattern": "minecraft:half_horizontal",
                  "color": "blue"
                },
                {
                  "pattern": "minecraft:half_horizontal",
                  "color": "blue"
                },
                {
                  "pattern": "minecraft:half_horizontal",
                  "color": "blue"
                },
                {
                  "pattern": "minecraft:half_horizontal",
                  "color": "blue"
                },
                {
                  "pattern": "minecraft:half_horizontal",
                  "color": "blue"
                },
                {
                  "pattern": "minecraft:half_horizontal",
                  "color": "blue"
                },
                {
                  "pattern": "minecraft:half_horizontal",
                  "color": "blue"
                },
                {
                  "pattern": "minecraft:half_horizontal",
                  "color": "blue"
                }
              ]
            }
          ]
        },
        {
          "name": "minecraft:pink_banner",
          "type": "minecraft:item",
          "weight": 1,
          "functions": [
            {
              "function": "minecraft:set_banner_pattern",
              "append": true,
              "patterns": [
                {
                  "pattern": "minecraft:stripe_center",
                  "color": "white"
                },
                {
                  "pattern": "minecraft:stripe_center",
                  "color": "white"
                },
                {
                  "pattern": "minecraft:stripe_center",
                  "color": "white"
                },
                {
                  "pattern": "minecraft:border",
                  "color": "light_blue"
                },
                {
                  "pattern": "minecraft:border",
                  "color": "light_blue"
                },
                {
                  "pattern": "minecraft:border",
                  "color": "light_blue"
                }
              ]
            }
          ]
        },
        {
          "name": "minecraft:green_banner",
          "type": "minecraft:item",
          "weight": 1,
          "functions": [
            {
              "function": "minecraft:set_banner_pattern",
              "append": true,
              "patterns": [
                {
                  "pattern": "minecraft:flower",
                  "color": "cyan"
                },
                {
                  "pattern": "minecraft:rhombus",
                  "color": "cyan"
                },
                {
                  "pattern": "minecraft:circle",
                  "color": "light_blue"
                },
                {
                  "pattern": "minecraft:globe",
                  "color": "black"
                },
                {
                  "pattern": "minecraft:globe",
                  "color": "green"
                },
                {
                  "pattern": "minecraft:border",
                  "color": "black"
                },
                {
                  "pattern": "minecraft:stripe_top",
                  "color": "black"
                },
                {
                  "pattern": "minecraft:stripe_bottom",
                  "color": "black"
                },
                {
                  "pattern": "minecraft:border",
                  "color": "black"
                },
                {
                  "pattern": "minecraft:border",
                  "color": "black"
                },
                {
                  "pattern": "minecraft:stripe_top",
                  "color": "black"
                },
                {
                  "pattern": "minecraft:stripe_bottom",
                  "color": "black"
                }
              ]
            }
          ]
        },
        {
          "name": "minecraft:red_banner",
          "type": "minecraft:item",
          "weight": 1,
          "functions": [
            {
              "function": "minecraft:set_banner_pattern",
              "append": true,
              "patterns": [
                {
                  "pattern": "minecraft:gradient_up",
                  "color": "red"
                },
                {
                  "pattern": "minecraft:triangle_top",
                  "color": "yellow"
                },
                {
                  "pattern": "minecraft:triangle_top",
                  "color": "yellow"
                },
                {
                  "pattern": "minecraft:triangle_top",
                  "color": "yellow"
                },
                {
                  "pattern": "minecraft:stripe_right",
                  "color": "yellow"
                },
                {
                  "pattern": "minecraft:stripe_left",
                  "color": "yellow"
                },
                {
                  "pattern": "minecraft:border",
                  "color": "red"
                },
                {
                  "pattern": "minecraft:border",
                  "color": "red"
                },
                {
                  "pattern": "minecraft:border",
                  "color": "red"
                },
                {
                  "pattern": "minecraft:triangles_top",
                  "color": "red"
                },
                {
                  "pattern": "minecraft:triangles_top",
                  "color": "red"
                },
                {
                  "pattern": "minecraft:triangles_top",
                  "color": "red"
                }
              ]
            }
          ]
        },
        {
          "name": "minecraft:white_banner",
          "type": "minecraft:item",
          "weight": 1,
          "functions": [
            {
              "function": "minecraft:set_banner_pattern",
              "append": true,
              "patterns": [
                {
                  "pattern": "minecraft:gradient_up",
                  "color": "gray"
                },
                {
                  "pattern": "minecraft:gradient",
                  "color": "white"
                },
                {
                  "pattern": "minecraft:cross",
                  "color": "black"
                },
                {
                  "pattern": "minecraft:cross",
                  "color": "black"
                },
                {
                  "pattern": "minecraft:cross",
                  "color": "lime"
                }
              ]
            }
          ]
        },
        {
          "name": "minecraft:red_banner",
          "type": "minecraft:item",
          "weight": 1,
          "functions": [
            {
              "function": "minecraft:set_banner_pattern",
              "append": true,
              "patterns": [
                {
                  "pattern": "minecraft:circle",
                  "color": "white"
                },
                {
                  "pattern": "minecraft:flower",
                  "color": "red"
                },
                {
                  "pattern": "minecraft:stripe_bottom",
                  "color": "white"
                },
                {
                  "pattern": "minecraft:stripe_top",
                  "color": "white"
                },
                {
                  "pattern": "minecraft:border",
                  "color": "white"
                },
                {
                  "pattern": "minecraft:curly_border",
                  "color": "white"
                },
                {
                  "pattern": "minecraft:curly_border",
                  "color": "white"
                },
                {
                  "pattern": "minecraft:stripe_top",
                  "color": "white"
                },
                {
                  "pattern": "minecraft:stripe_bottom",
                  "color": "white"
                },
                {
                  "pattern": "minecraft:stripe_top",
                  "color": "white"
                },
                {
                  "pattern": "minecraft:stripe_bottom",
                  "color": "white"
                },
                {
                  "pattern": "minecraft:border",
                  "color": "white"
                }
              ]
            }
          ]
        },
        {
          "name": "minecraft:white_banner",
          "type": "minecraft:item",
          "weight": 1,
          "functions": [
            {
              "function": "minecraft:set_banner_pattern",
              "append": true,
              "patterns": [
                {
                  "pattern": "minecraft:gradient_up",
                  "color": "white"
                },
                {
                  "pattern": "minecraft:gradient",
                  "color": "white"
                },
                {
                  "pattern": "minecraft:circle",
                  "color": "black"
                },
                {
                  "pattern": "minecraft:circle",
                  "color": "black"
                },
                {
                  "pattern": "minecraft:circle",
                  "color": "cyan"
                },
                {
                  "pattern": "minecraft:circle",
                  "color": "white"
                },
                {
                  "pattern": "minecraft:stripe_bottom",
                  "color": "black"
                },
                {
                  "pattern": "minecraft:stripe_bottom",
                  "color": "black"
                },
                {
                  "pattern": "minecraft:stripe_bottom",
                  "color": "lime"
                },
                {
                  "pattern": "minecraft:border",
                  "color": "white"
                },
                {
                  "pattern": "minecraft:border",
                  "color": "white"
                },
                {
                  "pattern": "minecraft:stripe_bottom",
                  "color": "white"
                }
              ]
            }
          ]
        },
        {
          "name": "minecraft:white_banner",
          "type": "minecraft:item",
          "weight": 1,
          "functions": [
            {
              "function": "minecraft:set_banner_pattern",
              "append": true,
              "patterns": [
                {
                  "pattern": "minecraft:stripe_center",
                  "color": "green"
                },
                {
                  "pattern": "minecraft:half_horizontal",
                  "color": "orange"
                },
                {
                  "pattern": "minecraft:small_stripes",
                  "color": "white"
                },
                {
                  "pattern": "minecraft:small_stripes",
                  "color": "white"
                },
                {
                  "pattern": "minecraft:small_stripes",
                  "color": "white"
                },
                {
                  "pattern": "minecraft:stripe_top",
                  "color": "orange"
                },
                {
                  "pattern": "minecraft:stripe_left",
                  "color": "white"
                },
                {
                  "pattern": "minecraft:stripe_right",
                  "color": "white"
                },
                {
                  "pattern": "minecraft:stripe_left",
                  "color": "white"
                },
                {
                  "pattern": "minecraft:stripe_right",
                  "color": "white"
                },
                {
                  "pattern": "minecraft:curly_border",
                  "color": "white"
                },
                {
                  "pattern": "minecraft:curly_border",
                  "color": "white"
                }
              ]
            }
          ]
        },
        {
          "name": "minecraft:white_banner",
          "type": "minecraft:item",
          "weight": 1,
          "functions": [
            {
              "function": "minecraft:set_banner_pattern",
              "append": true,
              "patterns": [
                {
                  "pattern": "minecraft:half_horizontal_bottom",
                  "color": "white"
                },
                {
                  "pattern": "minecraft:half_horizontal",
                  "color": "white"
                },
                {
                  "pattern": "minecraft:stripe_bottom",
                  "color": "light_blue"
                },
                {
                  "pattern": "minecraft:stripe_top",
                  "color": "light_blue"
                },
                {
                  "pattern": "minecraft:curly_border",
                  "color": "white"
                },
                {
                  "pattern": "minecraft:rhombus",
                  "color": "white"
                },
                {
                  "pattern": "minecraft:cross",
                  "color": "light_blue"
                },
                {
                  "pattern": "minecraft:triangle_bottom",
                  "color": "white"
                },
                {
                  "pattern": "minecraft:curly_border",
                  "color": "light_blue"
                },
                {
                  "pattern": "minecraft:border",
                  "color": "light_blue"
                },
                {
                  "pattern": "minecraft:border",
                  "color": "white"
                },
                {
                  "pattern": "minecraft:curly_border",
                  "color": "white"
                }
              ]
            }
          ]
        },
        {
          "name": "minecraft:yellow_banner",
          "type": "minecraft:item",
          "weight": 1,
          "functions": [
            {
              "function": "minecraft:set_banner_pattern",
              "append": true,
              "patterns": [
                {
                  "pattern": "minecraft:diagonal_up_right",
                  "color": "yellow"
                },
                {
                  "pattern": "minecraft:stripe_downright",
                  "color": "black"
                },
                {
                  "pattern": "minecraft:stripe_downright",
                  "color": "black"
                },
                {
                  "pattern": "minecraft:stripe_downright",
                  "color": "black"
                },
                {
                  "pattern": "minecraft:stripe_left",
                  "color": "black"
                },
                {
                  "pattern": "minecraft:stripe_left",
                  "color": "black"
                },
                {
                  "pattern": "minecraft:stripe_left",
                  "color": "black"
                },
                {
                  "pattern": "minecraft:stripe_top",
                  "color": "black"
                },
                {
                  "pattern": "minecraft:stripe_top",
                  "color": "black"
                },
                {
                  "pattern": "minecraft:border",
                  "color": "yellow"
                },
                {
                  "pattern": "minecraft:border",
                  "color": "yellow"
                },
                {
                  "pattern": "minecraft:border",
                  "color": "yellow"
                }
              ]
            }
          ]
        },
        {
          "name": "minecraft:lime_banner",
          "type": "minecraft:item",
          "weight": 1,
          "functions": [
            {
              "function": "minecraft:set_banner_pattern",
              "append": true,
              "patterns": [
                {
                  "pattern": "minecraft:half_horizontal_bottom",
                  "color": "lime"
                },
                {
                  "pattern": "minecraft:half_horizontal",
                  "color": "lime"
                },
                {
                  "pattern": "minecraft:stripe_bottom",
                  "color": "white"
                },
                {
                  "pattern": "minecraft:stripe_top",
                  "color": "white"
                },
                {
                  "pattern": "minecraft:curly_border",
                  "color": "lime"
                },
                {
                  "pattern": "minecraft:stripe_bottom",
                  "color": "lime"
                },
                {
                  "pattern": "minecraft:rhombus",
                  "color": "lime"
                },
                {
                  "pattern": "minecraft:cross",
                  "color": "white"
                },
                {
                  "pattern": "minecraft:border",
                  "color": "lime"
                },
                {
                  "pattern": "minecraft:curly_border",
                  "color": "lime"
                },
                {
                  "pattern": "minecraft:border",
                  "color": "lime"
                },
                {
                  "pattern": "minecraft:curly_border",
                  "color": "lime"
                }
              ]
            }
          ]
        }
      ]
    }
  ]
}