{
    "id": "tiered:lucky",
    "verifiers": [
		{
            "tag": "artifacts:artifacts"
        }
	],
    "weight": 50,
    "style": {
        "color": "blue"
    },
    "attributes": [
        {
            "type": "generic.luck",
            "modifier": {
                "name": "tiered:lucky",
                "operation": "ADD_MULTIPLIED_TOTAL",
                "amount": 0.02
            },
            "optional_accessories_slots": [
                "anklet",
                "any",
                "back",
                "belt",
                "cape",
                "charm",
                "face",
                "hand",
                "hat",
                "necklace",
                "ring",
                "shoes",
                "trinket_group_misc-quiver",
                "trinket_group_spell-book",
                "trinket_group_spell-quiver",
                "trinket_group_spell-scroll",
                "trinket_group_spell-trinket",
                "wrist"
            ]

        }
    ]
}