{    "type": "minecraft:generic",    "pools": [        {            "rolls": 1,            "entries": [                {                    "type": "minecraft:item",                    "name": "minecraft:oak_log",                    "weight": 50                },                {                    "type": "minecraft:item",                    "name": "minecraft:azalea",                    "weight": 5                },                {                    "type": "minecraft:item",                    "name": "minecraft:stick",                    "weight": 2                }            ]        }    ]}