{    "type": "minecraft:generic",    "pools": [        {            "rolls": 1,            "entries": [                {                    "type": "minecraft:item",                    "name": "minecraft:cherry_log",                    "weight": 50                },                {                    "type": "minecraft:item",                    "name": "minecraft:cherry_sapling",                    "weight": 10                },                {                    "type": "minecraft:item",                    "name": "minecraft:stick",                    "weight": 2                }            ]        }    ]}