{    "type": "minecraft:generic",    "pools": [        {            "rolls": 1,            "entries": [                {                    "type": "minecraft:item",                    "name": "minecraft:crimson_stem",                    "weight": 200                },                {                    "type": "minecraft:item",                    "name": "minecraft:nether_wart_block",                    "weight": 40                },                {                    "type": "minecraft:item",                    "name": "minecraft:shroomlight",                    "weight": 16                },                {                    "type": "minecraft:item",                    "name": "minecraft:weeping_vines",                    "weight": 1                }            ]        }    ]}