{    "type": "minecraft:generic",    "pools": [        {            "rolls": 1,            "entries": [                {                    "type": "minecraft:item",                    "name": "minecraft:dark_oak_log",                    "weight": 100                },                {                    "type": "minecraft:item",                    "name": "minecraft:dark_oak_sapling",                    "weight": 10                },                {                    "type": "minecraft:item",                    "name": "minecraft:stick",                    "weight": 4                },                {                    "type": "minecraft:item",                    "name": "minecraft:apple",                    "weight": 1                }            ]        }    ]}