{    "type": "minecraft:generic",    "pools": [        {            "rolls": 1,            "entries": [                {                    "type": "minecraft:item",                    "name": "minecraft:jungle_log",                    "weight": 50                },                {                    "type": "minecraft:item",                    "name": "minecraft:jungle_leaves",                    "weight": 10                },                {                    "type": "minecraft:item",                    "name": "minecraft:vine",                    "weight": 4                },                {                    "type": "minecraft:item",                    "name": "minecraft:cocoa_beans",                    "weight": 1                }            ]        }    ]}