{    "type": "minecraft:generic",    "pools": [        {            "rolls": 1,            "entries": [                {                    "type": "minecraft:item",                    "name": "minecraft:jungle_log",                    "weight": 75                },                {                    "type": "minecraft:item",                    "name": "minecraft:jungle_sapling",                    "weight": 10                },                {                    "type": "minecraft:item",                    "name": "minecraft:cocoa_beans",                    "weight": 1                }            ]        }    ]}