{    "type": "minecraft:generic",    "pools": [        {            "rolls": 1,            "entries": [                {                    "type": "minecraft:item",                    "name": "minecraft:mangrove_log",                    "weight": 50                },                {                    "type": "minecraft:item",                    "name": "minecraft:mangrove_roots",                    "weight": 25                },                {                    "type": "minecraft:item",                    "name": "minecraft:moss_carpet",                    "weight": 1                },                {                    "type": "minecraft:item",                    "name": "minecraft:mangrove_propagule",                    "weight": 1                }            ]        }    ]}