{    "type": "minecraft:generic",    "pools": [        {            "rolls": 1,            "entries": [                {                    "type": "minecraft:item",                    "name": "minecraft:red_mushroom",                    "weight": 1,                    "conditions": [                        {                            "condition": "minecraft:random_chance",                            "chance": 0.333                        }                    ]                }            ]        }    ]}