{    "type": "minecraft:generic",    "pools": [        {            "rolls": 1,            "entries": [                {                    "type": "minecraft:item",                    "name": "minecraft:crimson_stem",                    "weight": 50                },                {                    "type": "minecraft:item",                    "name": "minecraft:nether_wart_block",                    "weight": 10                },                {                    "type": "minecraft:item",                    "name": "minecraft:shroomlight",                    "weight": 4                }            ]        }    ]}