{
  "values": [
    {
      "id": "enchantencore:cherry_leaves_trail",
      "required": false
    },
    {
      "id": "enchantencore:cosy_smoke_trail",
      "required": false
    },
    {
      "id": "enchantencore:dolphin_trail",
      "required": false
    },
    {
      "id": "enchantencore:dripping_honey_trail",
      "required": false
    },
    {
      "id": "enchantencore:dripping_lava_trail",
      "required": false
    },
    {
      "id": "enchantencore:dripping_obsidian_tear_trail",
      "required": false
    },
    {
      "id": "enchantencore:dripping_water_trail",
      "required": false
    },
    {
      "id": "enchantencore:enchant_trail",
      "required": false
    },
    {
      "id": "enchantencore:end_rod_trail",
      "required": false
    },
    {
      "id": "enchantencore:firework_trail",
      "required": false
    },
    {
      "id": "enchantencore:flame_trail",
      "required": false
    },
    {
      "id": "enchantencore:happy_villager_trail",
      "required": false
    },
    {
      "id": "enchantencore:heart_trail",
      "required": false
    },
    {
      "id": "enchantencore:note_trail",
      "required": false
    },
    {
      "id": "enchantencore:ominous_spawning_trail",
      "required": false
    },
    {
      "id": "enchantencore:portal_trail",
      "required": false
    },
    {
      "id": "enchantencore:raid_omen_trail",
      "required": false
    },
    {
      "id": "enchantencore:scrape_trail",
      "required": false
    },
    {
      "id": "enchantencore:sculk_soul_trail",
      "required": false
    },
    {
      "id": "enchantencore:snowflake_trail",
      "required": false
    },
    {
      "id": "enchantencore:soul_fire_flame_trail",
      "required": false
    },
    {
      "id": "enchantencore:totem_trail",
      "required": false
    },
    {
      "id": "enchantencore:trial_omen_trail",
      "required": false
    },
    {
      "id": "enchantencore:wax_off_trail",
      "required": false
    },
    {
      "id": "enchantencore:wax_on_trail",
      "required": false
    },
    {
      "id": "enchantencore:witch_trail",
      "required": false
    }
  ]
}
