{
  "id": "tiered:common_elytra_1",
  "verifiers": [
    {
      "id": "minecraft:elytra"
    },
    {
      "tag": "c:elytra"
    }
  ],
  "weight": 60,
  "style": {
    "color": "gray"
  },
  "attributes": [
    {
      "type": "tiered:generic.durable",
      "modifier": {
        "name": "tiered:common_elytra_1",
        "operation": "ADD_MULTIPLIED_TOTAL",
        "amount": 0.1
      },
      "optional_equipment_slots": [
        "CHEST"
      ]
    },
    {
      "type": "generic.max_health",
      "modifier": {
        "name": "tiered:common_elytra_1",
        "operation": "ADD_VALUE",
        "amount": 1
      },
      "optional_equipment_slots": [
        "CHEST"
      ]
    }
  ]
}