{
    "id": "tiered:epic_elytra_2",
    "verifiers": [
        {
            "id": "minecraft:elytra"
        },
        {
            "tag": "c:elytra"
        }
    ],
    "weight": 8,
    "style": {
        "color": "dark_purple"
    },
    "attributes": [
        {
            "type": "tiered:generic.durable",
            "modifier": {
                "name": "tiered:epic_elytra_2",
                "operation": "ADD_MULTIPLIED_TOTAL",
                "amount": 0.3
            },
            "optional_equipment_slots": [
                "CHEST"
            ]
        },
        {
            "type": "generic.movement_speed",
            "modifier": {
                "name": "tiered:epic_elytra_2",
                "operation": "ADD_MULTIPLIED_TOTAL",
                "amount": 0.2
            },
            "optional_equipment_slots": [
                "CHEST"
            ]
        }
    ]
}