{
    "id": "tiered:rare_elytra_2",
    "verifiers": [
        {
            "id": "minecraft:elytra"
        },
        {
            "tag": "c:elytra"
        }
    ],
    "weight": 15,
    "style": {
        "color": "blue"
    },
    "attributes": [
        {
            "type": "generic.max_health",
            "modifier": {
                "name": "tiered:rare_elytra_2",
                "operation": "ADD_VALUE",
                "amount": 2
            },
            "optional_equipment_slots": [
                "CHEST"
            ]
        },
        {
            "type": "generic.movement_speed",
            "modifier": {
                "name": "tiered:rare_elytra_2",
                "operation": "ADD_MULTIPLIED_TOTAL",
                "amount": 0.2
            },
            "optional_equipment_slots": [
                "CHEST"
            ]
        }
    ]
}