{
    "id": "tiered:unique_elytra_2",
    "verifiers": [
        {
            "id": "minecraft:elytra"
        },
        {
            "tag": "c:elytra"
        }
    ],
    "weight": 1,
    "style": {
        "color": "light_purple"
    },
    "attributes": [
        {
            "type": "tiered:generic.durable",
            "modifier": {
                "name": "tiered:unique_elytra_2",
                "operation": "ADD_MULTIPLIED_TOTAL",
                "amount": 0.5
            },
            "optional_equipment_slots": [
                "CHEST"
            ]
        },
        {
            "type": "generic.max_health",
            "modifier": {
                "name": "tiered:unique_elytra_2",
                "operation": "ADD_VALUE",
                "amount": 6
            },
            "optional_equipment_slots": [
                "CHEST"
            ]
        }
    ]
}