{
  "id": "tiered:common_fishing_2",
  "verifiers": [
    {
      "id": "minecraft:fishing_rod"
    }
  ],
  "weight": 60,
  "style": {
    "color": "gray"
  },
  "attributes": [
    {
      "type": "tiered:generic.durable",
      "modifier": {
        "name": "tiered:common_fishing_2",
        "operation": "ADD_MULTIPLIED_TOTAL",
        "amount": 0.05
      },
      "optional_equipment_slots": [
        "MAINHAND"
      ]
    },
    {
      "type": "generic.luck",
      "modifier": {
        "name": "tiered:common_fishing_2",
        "operation": "ADD_VALUE",
        "amount": 0.5
      },
      "optional_equipment_slots": [
        "MAINHAND"
      ]
    }
  ]
}