{
    "id": "tiered:epic_fishing_1",
    "verifiers": [
        {
            "id": "minecraft:fishing_rod"
        }
    ],
    "weight": 8,
    "style": {
        "color": "dark_purple"
    },
    "attributes": [
        {
            "type": "generic.luck",
            "modifier": {
                "name": "tiered:epic_fishing_1",
                "operation": "ADD_VALUE",
                "amount": 4
            },
          "optional_equipment_slots": [
            "MAINHAND"
          ]
        }
    ]
}