{
    "id": "tiered:legendary_fishing_2",
    "verifiers": [
        {
            "id": "minecraft:fishing_rod"
        }
    ],
    "weight": 3,
    "style": {
        "color": "gold"
    },
    "attributes": [
        {
            "type": "tiered:generic.durable",
            "modifier": {
                "name": "tiered:legendary_fishing_2",
                "operation": "ADD_MULTIPLIED_TOTAL",
                "amount": 0.35
            },
      "optional_equipment_slots": [
        "MAINHAND"
      ]
        },
        {
            "type": "generic.luck",
            "modifier": {
                "name": "tiered:legendary_fishing_2",
                "operation": "ADD_VALUE",
                "amount": 2.25
            },
      "optional_equipment_slots": [
        "MAINHAND"
      ]
        }
    ]
}