{
    "id": "tiered:unique_fishing_1",
    "verifiers": [
        {
            "id": "minecraft:fishing_rod"
        }
    ],
    "weight": 1,
    "style": {
        "color": "light_purple"
    },
    "attributes": [
        {
            "type": "generic.luck",
            "modifier": {
                "name": "tiered:unique_fishing_1",
                "operation": "ADD_VALUE",
                "amount": 5
            },
      "optional_equipment_slots": [
        "MAINHAND"
      ]
        }
    ]
}