{
  "values": [
    {
      "id": "enchantencore:cherry_leaves_arrow_trail",
      "required": false
    },
    {
      "id": "enchantencore:cosy_smoke_arrow_trail",
      "required": false
    },
    {
      "id": "enchantencore:dolphin_arrow_trail",
      "required": false
    },
    {
      "id": "enchantencore:dripping_honey_arrow_trail",
      "required": false
    },
    {
      "id": "enchantencore:dripping_lava_arrow_trail",
      "required": false
    },
    {
      "id": "enchantencore:dripping_obsidian_tear_arrow_trail",
      "required": false
    },
    {
      "id": "enchantencore:dripping_water_arrow_trail",
      "required": false
    },
    {
      "id": "enchantencore:enchant_arrow_trail",
      "required": false
    },
    {
      "id": "enchantencore:end_rod_arrow_trail",
      "required": false
    },
    {
      "id": "enchantencore:firework_arrow_trail",
      "required": false
    },
    {
      "id": "enchantencore:flame_arrow_trail",
      "required": false
    },
    {
      "id": "enchantencore:happy_villager_arrow_trail",
      "required": false
    },
    {
      "id": "enchantencore:heart_arrow_trail",
      "required": false
    },
    {
      "id": "enchantencore:note_arrow_trail",
      "required": false
    },
    {
      "id": "enchantencore:ominous_spawning_arrow_trail",
      "required": false
    },
    {
      "id": "enchantencore:portal_arrow_trail",
      "required": false
    },
    {
      "id": "enchantencore:raid_omen_arrow_trail",
      "required": false
    },
    {
      "id": "enchantencore:scrape_arrow_trail",
      "required": false
    },
    {
      "id": "enchantencore:sculk_soul_arrow_trail",
      "required": false
    },
    {
      "id": "enchantencore:snowflake_arrow_trail",
      "required": false
    },
    {
      "id": "enchantencore:soul_fire_flame_arrow_trail",
      "required": false
    },
    {
      "id": "enchantencore:totem_arrow_trail",
      "required": false
    },
    {
      "id": "enchantencore:trial_omen_arrow_trail",
      "required": false
    },
    {
      "id": "enchantencore:wax_off_arrow_trail",
      "required": false
    },
    {
      "id": "enchantencore:wax_on_arrow_trail",
      "required": false
    },
    {
      "id": "enchantencore:witch_arrow_trail",
      "required": false
    }
  ]
}
