{
  "values": [
    {
      "id": "enchantencore:hiding_curse",
      "required": false
    },
    {
      "id": "enchantencore:reach_curse",
      "required": false
    },
    {
      "id": "enchantencore:fragility_curse",
      "required": false
    },
    {
      "id": "enchantencore:welfare_curse",
      "required": false
    },
    {
      "id": "enchantencore:randomness_curse",
      "required": false
    },
    {
      "id": "enchantencore:death_curse",
      "required": false
    },
    {
      "id": "enchantencore:breeze_curse",
      "required": false
    },
    {
      "id": "enchantencore:crank_curse",
      "required": false
    }
  ]
}
