{
  "values": [
    {
      "id": "enchantencore:poison_splash",
      "required": false
    },
    {
      "id": "enchantencore:blindness_splash",
      "required": false
    },
    {
      "id": "enchantencore:glowing_splash",
      "required": false
    },
    {
      "id": "enchantencore:hunger_splash",
      "required": false
    },
    {
      "id": "enchantencore:invisibility_splash",
      "required": false
    },
    {
      "id": "enchantencore:levitation_splash",
      "required": false
    },
    {
      "id": "enchantencore:poison_splash",
      "required": false
    },
    {
      "id": "enchantencore:regeneration_splash",
      "required": false
    },
    {
      "id": "enchantencore:saturation_splash",
      "required": false
    },
    {
      "id": "enchantencore:slowness_splash",
      "required": false
    },
    {
      "id": "enchantencore:weakness_splash",
      "required": false
    },
    {
      "id": "enchantencore:wither_splash",
      "required": false
    }
  ]
}
