{
  "type": "minecraft:chest",
  "random_sequence": "repurposed_structures:chests",
  "pools": [
    {
      "rolls": 1,
      "entries": [
        {
          "name": "minecraft:map",
          "type": "minecraft:item",
          "functions": [
            {
              "function": "minecraft:exploration_map",
              "destination": "repurposed_structures:explorer_maps/end_city",
              "decoration": "banner_magenta",
              "zoom": 1,
              "skip_existing_chunks": false
            },
            {
              "function": "minecraft:set_name",
              "name": {
                "translate": "End City Map"
              }
            }
          ]
        }
      ]
    },
    {
      "rolls": 10,
      "entries": [
        {
          "name": "minecraft:compass",
          "type": "minecraft:item",
          "weight": 3
        },
        {
          "name": "minecraft:map",
          "type": "minecraft:item",
          "weight": 3
        },
        {
          "name": "minecraft:clock",
          "type": "minecraft:item",
          "weight": 3
        },
        {
          "name": "minecraft:paper",
          "type": "minecraft:item",
          "weight": 18,
          "functions": [
            {
              "function": "minecraft:set_count",
              "count": {
                "min": 1.0,
                "max": 10.0,
                "type": "minecraft:uniform"
              }
            }
          ]
        },
        {
          "name": "minecraft:feather",
          "type": "minecraft:item",
          "weight": 8,
          "functions": [
            {
              "function": "minecraft:set_count",
              "count": {
                "min": 1.0,
                "max": 5.0,
                "type": "minecraft:uniform"
              }
            }
          ]
        },
        {
          "name": "minecraft:ender_pearl",
          "type": "minecraft:item",
          "weight": 5,
          "functions": [
            {
              "function": "minecraft:set_count",
              "count": {
                "min": 3.0,
                "max": 6.0,
                "type": "minecraft:uniform"
              }
            }
          ]
        },
        {
          "name": "minecraft:writable_book",
          "type": "minecraft:item",
          "weight": 3
        },
        {
          "name": "minecraft:book",
          "type": "minecraft:item",
          "weight": 8,
          "functions": [
            {
              "function": "minecraft:set_count",
              "count": {
                "min": 2.0,
                "max": 8.0,
                "type": "minecraft:uniform"
              }
            }
          ]
        },
        {
          "name": "minecraft:book",
          "type": "minecraft:item",
          "weight": 2,
          "functions": [
            {
              "function": "minecraft:enchant_with_levels",
              "options": "#minecraft:on_random_loot",
              "levels": {
                "min": 25.0,
                "max": 35.0,
                "type": "minecraft:uniform"
              }
            }
          ]
        }
      ]
    },
    {
      "rolls": 1,
      "entries": [
        {
          "type": "minecraft:empty",
          "weight": 25
        },
        {
          "name": "minecraft:ender_eye",
          "type": "minecraft:item",
          "weight": 40,
          "functions": [
            {
              "function": "minecraft:set_count",
              "count": {
                "min": 1.0,
                "max": 3.0,
                "type": "minecraft:uniform"
              }
            }
          ]
        },
        {
          "name": "minecraft:map",
          "type": "minecraft:item",
          "weight": 1,
          "functions": [
            {
              "function": "minecraft:exploration_map",
              "destination": "repurposed_structures:explorer_maps/stronghold_end",
              "decoration": "banner_black",
              "zoom": 1,
              "skip_existing_chunks": false
            },
            {
              "function": "minecraft:set_name",
              "name": {
                "translate": "End Stronghold Map"
              }
            }
          ]
        }
      ]
    },
    {
      "rolls": 1,
      "bonus_rolls": 0.0,
      "entries": [
        {
          "type": "minecraft:empty",
          "weight": 5
        },
        {
          "name": "minecraft:coast_armor_trim_smithing_template",
          "type": "minecraft:item",
          "functions": [
            {
              "add": false,
              "count": 2.0,
              "function": "minecraft:set_count"
            }
          ]
        }
      ]
    },
    {
      "rolls": 1,
      "entries": [
        {
          "type": "minecraft:loot_table",
          "value": "repurposed_structures:chests/lucky_pool"
        }
      ]
    },
    {
      "rolls": 0,
      "bonus_rolls": 1,
      "entries": [
        {
          "type": "minecraft:empty",
          "weight": 130
        },
        {
          "name": "minecraft:black_banner",
          "type": "minecraft:item",
          "weight": 30,
          "functions": [
            {
              "function": "minecraft:set_banner_pattern",
              "append": true,
              "patterns": [
                {
                  "pattern": "minecraft:flower",
                  "color": "purple"
                },
                {
                  "pattern": "minecraft:flower",
                  "color": "magenta"
                },
                {
                  "pattern": "minecraft:flower",
                  "color": "black"
                },
                {
                  "pattern": "minecraft:triangle_bottom",
                  "color": "cyan"
                },
                {
                  "pattern": "minecraft:triangle_top",
                  "color": "cyan"
                },
                {
                  "pattern": "minecraft:border",
                  "color": "purple"
                },
                {
                  "pattern": "minecraft:stripe_bottom",
                  "color": "black"
                },
                {
                  "pattern": "minecraft:stripe_top",
                  "color": "black"
                },
                {
                  "pattern": "minecraft:curly_border",
                  "color": "purple"
                },
                {
                  "pattern": "minecraft:curly_border",
                  "color": "black"
                },
                {
                  "pattern": "minecraft:border",
                  "color": "magenta"
                },
                {
                  "pattern": "minecraft:border",
                  "color": "black"
                }
              ]
            }
          ]
        },
        {
          "name": "minecraft:writable_book",
          "type": "minecraft:item",
          "weight": 4
        },
        {
          "name": "minecraft:book",
          "type": "minecraft:item",
          "weight": 8,
          "functions": [
            {
              "function": "minecraft:set_count",
              "count": 3
            }
          ]
        }
      ]
    }
  ]
}