{
  "type": "minecraft:chest",
  "random_sequence": "repurposed_structures:chests",
  "pools": [
    {
      "rolls": {
        "min": 8.0,
        "max": 15.0,
        "type": "minecraft:uniform"
      },
      "entries": [
        {
          "name": "minecraft:stone_sword",
          "type": "minecraft:item",
          "weight": 20,
          "functions": [
            {
              "function": "minecraft:set_damage",
              "damage": {
                "min": 0.4,
                "max": 1
              }
            },
            {
              "function": "minecraft:enchant_with_levels",
              "levels": {
                "min": 10.0,
                "max": 35.0,
                "type": "minecraft:uniform"
              },
              "options": "#minecraft:on_random_loot"
            }
          ]
        },
        {
          "name": "minecraft:golden_sword",
          "type": "minecraft:item",
          "weight": 15,
          "functions": [
            {
              "function": "minecraft:set_damage",
              "damage": {
                "min": 0.1,
                "max": 0.8
              }
            },
            {
              "function": "minecraft:enchant_with_levels",
              "levels": {
                "min": 5.0,
                "max": 25.0,
                "type": "minecraft:uniform"
              },
              "options": "#minecraft:on_random_loot"
            }
          ]
        },
        {
          "name": "minecraft:golden_helmet",
          "type": "minecraft:item",
          "weight": 5,
          "functions": [
            {
              "function": "minecraft:set_damage",
              "damage": {
                "min": 0.1,
                "max": 0.8
              }
            },
            {
              "function": "minecraft:enchant_with_levels",
              "levels": {
                "min": 5.0,
                "max": 25.0,
                "type": "minecraft:uniform"
              },
              "options": "#minecraft:on_random_loot"
            }
          ]
        },
        {
          "name": "minecraft:golden_chestplate",
          "type": "minecraft:item",
          "weight": 5,
          "functions": [
            {
              "function": "minecraft:set_damage",
              "damage": {
                "min": 0.1,
                "max": 0.8
              }
            },
            {
              "function": "minecraft:enchant_with_levels",
              "levels": {
                "min": 5.0,
                "max": 25.0,
                "type": "minecraft:uniform"
              },
              "options": "#minecraft:on_random_loot"
            }
          ]
        },
        {
          "name": "minecraft:golden_leggings",
          "type": "minecraft:item",
          "weight": 5,
          "functions": [
            {
              "function": "minecraft:set_damage",
              "damage": {
                "min": 0.1,
                "max": 0.8
              }
            },
            {
              "function": "minecraft:enchant_with_levels",
              "levels": {
                "min": 5.0,
                "max": 25.0,
                "type": "minecraft:uniform"
              },
              "options": "#minecraft:on_random_loot"
            }
          ]
        },
        {
          "name": "minecraft:golden_boots",
          "type": "minecraft:item",
          "weight": 5,
          "functions": [
            {
              "function": "minecraft:set_damage",
              "damage": {
                "min": 0.1,
                "max": 0.8
              }
            },
            {
              "function": "minecraft:enchant_with_levels",
              "levels": {
                "min": 5.0,
                "max": 25.0,
                "type": "minecraft:uniform"
              },
              "options": "#minecraft:on_random_loot"
            }
          ]
        },
        {
          "name": "minecraft:crossbow",
          "type": "minecraft:item",
          "weight": 10,
          "functions": [
            {
              "function": "minecraft:set_damage",
              "damage": {
                "min": 0.1,
                "max": 0.8
              }
            },
            {
              "function": "minecraft:enchant_with_levels",
              "levels": {
                "min": 5.0,
                "max": 25.0,
                "type": "minecraft:uniform"
              },
              "options": "#minecraft:on_random_loot"
            }
          ]
        },
        {
          "name": "minecraft:bow",
          "type": "minecraft:item",
          "weight": 10,
          "functions": [
            {
              "function": "minecraft:set_damage",
              "damage": {
                "min": 0.1,
                "max": 0.8
              }
            },
            {
              "function": "minecraft:enchant_with_levels",
              "levels": {
                "min": 5.0,
                "max": 25.0,
                "type": "minecraft:uniform"
              },
              "options": "#minecraft:on_random_loot"
            }
          ]
        },
        {
          "name": "minecraft:stone_sword",
          "type": "minecraft:item",
          "weight": 2,
          "functions": [
            {
              "function": "minecraft:set_damage",
              "damage": {
                "min": 0.7,
                "max": 1
              }
            }
          ]
        },
        {
          "name": "minecraft:golden_sword",
          "type": "minecraft:item",
          "weight": 2,
          "functions": [
            {
              "function": "minecraft:set_damage",
              "damage": {
                "min": 0.5,
                "max": 1
              }
            }
          ]
        },
        {
          "name": "minecraft:golden_helmet",
          "type": "minecraft:item",
          "weight": 2,
          "functions": [
            {
              "function": "minecraft:set_damage",
              "damage": {
                "min": 0.5,
                "max": 1
              }
            }
          ]
        },
        {
          "name": "minecraft:golden_chestplate",
          "type": "minecraft:item",
          "weight": 2,
          "functions": [
            {
              "function": "minecraft:set_damage",
              "damage": {
                "min": 0.5,
                "max": 1
              }
            }
          ]
        },
        {
          "name": "minecraft:golden_leggings",
          "type": "minecraft:item",
          "weight": 2,
          "functions": [
            {
              "function": "minecraft:set_damage",
              "damage": {
                "min": 0.5,
                "max": 1
              }
            }
          ]
        },
        {
          "name": "minecraft:golden_boots",
          "type": "minecraft:item",
          "weight": 2,
          "functions": [
            {
              "function": "minecraft:set_damage",
              "damage": {
                "min": 0.5,
                "max": 1
              }
            }
          ]
        },
        {
          "name": "minecraft:crossbow",
          "type": "minecraft:item",
          "weight": 2,
          "functions": [
            {
              "function": "minecraft:set_damage",
              "damage": {
                "min": 0.5,
                "max": 1
              }
            }
          ]
        },
        {
          "name": "minecraft:bow",
          "type": "minecraft:item",
          "weight": 2,
          "functions": [
            {
              "function": "minecraft:set_damage",
              "damage": {
                "min": 0.5,
                "max": 1
              }
            }
          ]
        },
        {
          "name": "minecraft:arrow",
          "type": "minecraft:item",
          "weight": 8,
          "functions": [
            {
              "function": "minecraft:set_count",
              "count": {
                "min": 8.0,
                "max": 16.0,
                "type": "minecraft:uniform"
              }
            }
          ]
        },
        {
          "name": "minecraft:netherite_scrap",
          "type": "minecraft:item",
          "weight": 5
        },
        {
          "name": "minecraft:gold_block",
          "type": "minecraft:item",
          "weight": 2,
          "functions": [
            {
              "function": "minecraft:set_count",
              "count": {
                "min": 1.0,
                "max": 3.0,
                "type": "minecraft:uniform"
              }
            }
          ]
        },
        {
          "name": "minecraft:gold_ingot",
          "type": "minecraft:item",
          "weight": 7,
          "functions": [
            {
              "function": "minecraft:set_count",
              "count": {
                "min": 2.0,
                "max": 9.0,
                "type": "minecraft:uniform"
              }
            }
          ]
        },
        {
          "name": "minecraft:gold_nugget",
          "type": "minecraft:item",
          "weight": 7,
          "functions": [
            {
              "function": "minecraft:set_count",
              "count": {
                "min": 2.0,
                "max": 5.0,
                "type": "minecraft:uniform"
              }
            }
          ]
        },
        {
          "name": "minecraft:crimson_fungus",
          "type": "minecraft:item",
          "weight": 9,
          "functions": [
            {
              "function": "minecraft:set_count",
              "count": {
                "min": 2.0,
                "max": 4.0,
                "type": "minecraft:uniform"
              }
            }
          ]
        },
        {
          "name": "minecraft:nether_wart_block",
          "type": "minecraft:item",
          "weight": 9,
          "functions": [
            {
              "function": "minecraft:set_count",
              "count": {
                "min": 2.0,
                "max": 4.0,
                "type": "minecraft:uniform"
              }
            }
          ]
        },
        {
          "name": "minecraft:cooked_porkchop",
          "type": "minecraft:item",
          "weight": 10,
          "functions": [
            {
              "function": "minecraft:set_count",
              "count": {
                "min": 2.0,
                "max": 12.0,
                "type": "minecraft:uniform"
              }
            }
          ]
        },
        {
          "name": "minecraft:porkchop",
          "type": "minecraft:item",
          "weight": 10,
          "functions": [
            {
              "function": "minecraft:set_count",
              "count": {
                "min": 2.0,
                "max": 12.0,
                "type": "minecraft:uniform"
              }
            }
          ]
        }
      ]
    },
    {
      "rolls": 1,
      "bonus_rolls": 0.0,
      "entries": [
        {
          "type": "minecraft:empty",
          "weight": 3
        },
        {
          "name": "minecraft:sentry_armor_trim_smithing_template",
          "type": "minecraft:item",
          "functions": [
            {
              "add": false,
              "count": 2.0,
              "function": "minecraft:set_count"
            }
          ]
        }
      ]
    },
    {
      "rolls": 1,
      "entries": [
        {
          "type": "minecraft:loot_table",
          "value": "repurposed_structures:chests/lucky_pool"
        }
      ]
    },
    {
      "rolls": 0,
      "bonus_rolls": 1,
      "entries": [
        {
          "type": "minecraft:empty",
          "weight": 130
        },
        {
          "name": "minecraft:red_banner",
          "type": "minecraft:item",
          "weight": 30,
          "functions": [
            {
              "function": "minecraft:set_banner_pattern",
              "append": true,
              "patterns": [
                {
                  "pattern": "minecraft:bricks",
                  "color": "red"
                },
                {
                  "pattern": "minecraft:bricks",
                  "color": "black"
                },
                {
                  "pattern": "minecraft:gradient",
                  "color": "red"
                },
                {
                  "pattern": "minecraft:triangles_bottom",
                  "color": "black"
                },
                {
                  "pattern": "minecraft:triangles_top",
                  "color": "black"
                },
                {
                  "pattern": "minecraft:stripe_middle",
                  "color": "black"
                },
                {
                  "pattern": "minecraft:rhombus",
                  "color": "black"
                },
                {
                  "pattern": "minecraft:straight_cross",
                  "color": "red"
                },
                {
                  "pattern": "minecraft:flower",
                  "color": "red"
                },
                {
                  "pattern": "minecraft:flower",
                  "color": "red"
                },
                {
                  "pattern": "minecraft:straight_cross",
                  "color": "black"
                },
                {
                  "pattern": "minecraft:flower",
                  "color": "black"
                }
              ]
            }
          ]
        },
        {
          "name": "minecraft:experience_bottle",
          "type": "minecraft:item",
          "weight": 10,
          "functions": [
            {
              "function": "minecraft:set_count",
              "count": 2
            }
          ]
        }
      ]
    }
  ]
}