{
  "values": [
    {
      "id": "#enchantencore:splash_arrow",
      "required": false
    },
    {
      "id": "#enchantencore:curse",
      "required": false
    },
    {
      "id": "#enchantencore:arrow_trail",
      "required": false
    },
    {
      "id": "#enchantencore:trail",
      "required": false
    },
    {
      "id": "#enchantencore:protection",
      "required": false
    },
    {
      "id": "enchantencore:handyman",
      "required": false
    },
    {
      "id": "enchantencore:midas_touch",
      "required": false
    }
  ]
}
