{
    "id": "tiered:common_armor_7",
    "verifiers": [
        {
            "tag": "minecraft:head_armor"
        },
        {
            "tag": "minecraft:chest_armor"
        },
        {
            "tag": "minecraft:leg_armor"
        },
        {
            "tag": "minecraft:foot_armor"
        },
		{
			"tag": "minecraft:enchantable/armor"
		}
    ],
    "weight": 75,
    "style": {
        "color": "gray"
    },
    "attributes": [
        {
            "type": "generic.max_health",
            "modifier": {
                "name": "tiered:common_armor_7",
                "operation": "ADD_MULTIPLIED_TOTAL",
                "amount": 0.05
            },
            "optional_equipment_slots": [
                "FEET",
                "LEGS",
                "CHEST",
                "HEAD"
            ]
        },
        {
            "type": "generic.attack_speed",
            "modifier": {
                "name": "tiered:common_armor_7",
                "operation": "ADD_MULTIPLIED_TOTAL",
                "amount": 0.025
            },
            "optional_equipment_slots": [
                "FEET",
                "LEGS",
                "CHEST",
                "HEAD"
            ]
        },
        {
            "type": "tiered:generic.durable",
            "modifier": {
                "name": "tiered:common_armor_7",
                "operation": "ADD_MULTIPLIED_TOTAL",
                "amount": 0.07
            },
            "optional_equipment_slots": [
                "FEET",
                "LEGS",
                "CHEST",
                "HEAD"
            ]
        }
    ]
}