{
    "id": "tiered:epic_armor_3",
    "verifiers": [
        {
            "tag": "minecraft:head_armor"
        },
        {
            "tag": "minecraft:chest_armor"
        },
        {
            "tag": "minecraft:leg_armor"
        },
        {
            "tag": "minecraft:foot_armor"
        },
		{
			"tag": "minecraft:enchantable/armor"
		}
    ],
    "weight": 8,
    "style": {
        "color": "dark_purple"
    },
    "attributes": [
        {
            "type": "generic.armor",
            "modifier": {
                "name": "tiered:epic_armor_3",
                "operation": "ADD_VALUE",
                "amount": 2
            },
            "optional_equipment_slots": [
                "FEET",
                "LEGS",
                "CHEST",
                "HEAD"
            ]
        },
        {
            "type": "generic.max_health",
            "modifier": {
                "name": "tiered:epic_armor_3",
                "operation": "ADD_VALUE",
                "amount": 3
            },
            "optional_equipment_slots": [
                "FEET",
                "LEGS",
                "CHEST",
                "HEAD"
            ]
        },
        {
            "type": "generic.movement_speed",
            "modifier": {
                "name": "tiered:epic_armor_3",
                "operation": "ADD_MULTIPLIED_TOTAL",
                "amount": 0.05
            },
            "optional_equipment_slots": [
                "FEET",
                "LEGS",
                "CHEST",
                "HEAD"
            ]
        }
    ]
}