{
    "id": "tiered:unique_armor_6",
    "verifiers": [
        {
            "tag": "minecraft:head_armor"
        },
        {
            "tag": "minecraft:chest_armor"
        },
        {
            "tag": "minecraft:leg_armor"
        },
        {
            "tag": "minecraft:foot_armor"
        },
		{
			"tag": "minecraft:enchantable/armor"
		}
    ],
    "weight": 5,
    "style": {
        "color": "light_purple"
    },
    "attributes": [
        {
            "type": "tiered:generic.durable",
            "modifier": {
                "name": "tiered:legendary_armor_6",
                "operation": "ADD_MULTIPLIED_TOTAL",
                "amount": 0.5
            },
            "optional_equipment_slots": [
                "FEET",
                "LEGS",
                "CHEST",
                "HEAD"
            ]
        },
        {
            "type": "generic.attack_damage",
            "modifier": {
                "name": "tiered:legendary_armor_6",
                "operation": "ADD_MULTIPLIED_TOTAL",
                "amount": 0.055
            },
            "optional_equipment_slots": [
                "FEET",
                "LEGS",
                "CHEST",
                "HEAD"
            ]
        },
        {
            "type": "generic.movement_speed",
            "modifier": {
                "name": "tiered:legendary_armor_6",
                "operation": "ADD_MULTIPLIED_TOTAL",
                "amount": 0.045
            },
            "optional_equipment_slots": [
                "FEET",
                "LEGS",
                "CHEST",
                "HEAD"
            ]
        }
    ]
}