{
    "id": "tiered:common_melee_69",
    "verifiers": [
        {
            "tag": "minecraft:swords"
        },
		{
			"tag": "minecraft:enchantable/sword"
		}
    ],
    "weight": 75,
    "style": {
        "color": "gray"
    },
    "attributes": [
        {
            "type": "generic.attack_damage",
            "modifier": {
                "name": "tiered:common_melee_1",
                "operation": "ADD_MULTIPLIED_TOTAL",
                "amount": 0.05
            },
            "optional_equipment_slots": [
                "MAINHAND"
            ]
        },
        {
            "type": "kevslibrary:crit_chance",
            "modifier": {
                "name": "tiered:common_melee_1",
                "operation": "ADD_VALUE",
                "amount": 0.025
            },
            "optional_equipment_slots": [
                "MAINHAND"
            ]
        }
    ]
}