{
  "id": "tiered:epic_melee_6",
  "verifiers": [
    {
      "tag": "minecraft:swords"
    },
    {
      "tag": "minecraft:enchantable/sword"
    }
  ],
  "weight": 8,
  "style": {
    "color": "dark_purple"
  },
  "attributes": [
    {
      "type": "kevslibrary:multistrike_chance",
      "modifier": {
        "name": "tiered:epic_melee_6",
        "operation": "ADD_VALUE",
        "amount": 0.125
      },
      "optional_equipment_slots": [
        "MAINHAND"
      ]
    },
    {
      "type": "kevslibrary:crit_chance",
      "modifier": {
        "name": "tiered:epic_melee_6",
        "operation": "ADD_VALUE",
        "amount": 0.125
      },
      "optional_equipment_slots": [
        "MAINHAND"
      ]
    },
    {
      "type": "tiered:generic.durable",
      "modifier": {
        "name": "tiered:epic_melee_6",
        "operation": "ADD_MULTIPLIED_TOTAL",
        "amount": 0.3
      },
      "optional_equipment_slots": [
        "MAINHAND"
      ]
    }
  ]
}