{
    "id": "tiered:epic_melee_4",
    "verifiers": [
        {
            "tag": "minecraft:swords"
        },
		{
			"tag": "minecraft:enchantable/sword"
		}
    ],
    "weight": 8,
    "style": {
        "color": "dark_purple"
    },
    "attributes": [
        {
            "type": "generic.attack_damage",
            "modifier": {
                "name": "tiered:epic_melee_4",
                "operation": "ADD_MULTIPLIED_TOTAL",
                "amount": 0.15
            },
            "optional_equipment_slots": [
                "MAINHAND"
            ]
        },
        {
            "type": "minecraft:player.sweeping_damage_ratio",
            "modifier": {
                "name": "tiered:epic_melee_3",
                "operation": "ADD_MULTIPLIED_TOTAL",
                "amount": 0.275
            },
            "optional_equipment_slots": [
                "MAINHAND"
            ]
        },
        {
            "type": "tiered:generic.durable",
            "modifier": {
                "name": "tiered:epic_melee_4",
                "operation": "ADD_MULTIPLIED_TOTAL",
                "amount": 0.2
            },
            "optional_equipment_slots": [
                "MAINHAND"
            ]
        },
        {
            "type": "generic.luck",
            "modifier": {
                "name": "tiered:epic_melee_4",
                "operation": "ADD_VALUE",
                "amount": 1
            },
            "optional_equipment_slots": [
                "MAINHAND"
            ]
        }
    ]
}