{
    "id": "tiered:legendary_melee_4",
    "verifiers": [
        {
            "tag": "minecraft:swords"
        },
        {
            "tag": "minecraft:enchantable/sword"
        }
    ],
    "weight": 3,
    "style": {
        "color": "gold"
    },
    "attributes": [
        {
            "type": "generic.attack_damage",
            "modifier": {
                "name": "tiered:legendary_melee_4",
                "operation": "ADD_MULTIPLIED_TOTAL",
                "amount": 0.225
            },
            "optional_equipment_slots": [
                "MAINHAND"
            ]
        },
        {
            "type": "minecraft:player.sweeping_damage_ratio",
            "modifier": {
                "name": "tiered:legendary_melee_4",
                "operation": "ADD_MULTIPLIED_TOTAL",
                "amount": 0.325
            },
            "optional_equipment_slots": [
                "MAINHAND"
            ]
        },
        {
            "type": "tiered:generic.durable",
            "modifier": {
                "name": "tiered:legendary_melee_4",
                "operation": "ADD_MULTIPLIED_TOTAL",
                "amount": 0.3
            },
            "optional_equipment_slots": [
                "MAINHAND"
            ]
        },
        {
            "type": "generic.luck",
            "modifier": {
                "name": "tiered:legendary_melee_4",
                "operation": "ADD_VALUE",
                "amount": 2
            },
            "optional_equipment_slots": [
                "MAINHAND"
            ]
        }
    ]
}