{
    "id": "tiered:rare_melee_4",
    "verifiers": [
        {
            "tag": "minecraft:swords"
        },
        {
            "tag": "minecraft:enchantable/sword"
        }
    ],
    "weight": 15,
    "style": {
        "color": "blue"
    },
    "attributes": [
        {
            "type": "generic.attack_damage",
            "modifier": {
                "name": "tiered:rare_melee_4",
                "operation": "ADD_MULTIPLIED_TOTAL",
                "amount": 0.125
            },
            "optional_equipment_slots": [
                "MAINHAND"
            ]
        },
        {
            "type": "minecraft:player.sweeping_damage_ratio",
            "modifier": {
                "name": "tiered:rare_melee_4",
                "operation": "ADD_MULTIPLIED_TOTAL",
                "amount": 0.225
            },
            "optional_equipment_slots": [
                "MAINHAND"
            ]
        }
    ]
}