{
  "id": "tiered:unique_melee_6",
    "verifiers": [
        {
            "tag": "minecraft:swords"
        },
		{
			"tag": "minecraft:enchantable/sword"
		}
    ],
  "weight": 0,
  "style": {
    "color": "light_purple"
  },
  "attributes": [
    {
      "type": "kevslibrary:multistrike_chance",
      "modifier": {
        "name": "tiered:unique_melee_6",
        "operation": "ADD_VALUE",
        "amount": 0.35
      },
      "optional_equipment_slots": [
        "MAINHAND"
      ]
    },
    {
      "type": "kevslibrary:crit_chance",
      "modifier": {
        "name": "tiered:unique_melee_6",
        "operation": "ADD_VALUE",
        "amount": 0.25
      },
      "optional_equipment_slots": [
        "MAINHAND"
      ]
    },
    {
      "type": "tiered:generic.durable",
      "modifier": {
        "name": "tiered:unique_melee_6",
        "operation": "ADD_MULTIPLIED_TOTAL",
        "amount": 0.5
      },
      "optional_equipment_slots": [
        "MAINHAND"
      ]
    }
  ]
}