{
    "id": "tiered:unique_melee_4",
    "verifiers": [
        {
            "tag": "minecraft:swords"
        },
		{
			"tag": "minecraft:enchantable/sword"
		}
    ],
    "weight": 1,
    "style": {
        "color": "light_purple"
    },
    "attributes": [
        {
            "type": "generic.attack_damage",
            "modifier": {
                "name": "tiered:unique_melee_4",
                "operation": "ADD_MULTIPLIED_TOTAL",
                "amount": 0.325
            },
            "optional_equipment_slots": [
                "MAINHAND"
            ]
        },
        {
            "type": "minecraft:player.sweeping_damage_ratio",
            "modifier": {
                "name": "tiered:unique_melee_4",
                "operation": "ADD_MULTIPLIED_TOTAL",
                "amount": 0.375
            },
            "optional_equipment_slots": [
                "MAINHAND"
            ]
        },
        {
            "type": "tiered:generic.durable",
            "modifier": {
                "name": "tiered:unique_melee_4",
                "operation": "ADD_MULTIPLIED_TOTAL",
                "amount": 0.5
            },
            "optional_equipment_slots": [
                "MAINHAND"
            ]
        },
        {
            "type": "generic.luck",
            "modifier": {
                "name": "tiered:unique_melee_4",
                "operation": "ADD_VALUE",
                "amount": 3
            },
            "optional_equipment_slots": [
                "MAINHAND"
            ]
        }
    ]
}