{
  "id": "tiered:unique_melee_1",
  "verifiers": [
    {
      "tag": "minecraft:swords"
    },
    {
      "tag": "minecraft:enchantable/sword"
    }
  ],
  "weight": 0,
  "style": {
    "color": "light_purple"
  },
  "attributes": [
    {
      "type": "generic.attack_damage",
      "modifier": {
        "name": "tiered:unique_melee_1",
        "operation": "ADD_MULTIPLIED_TOTAL",
        "amount": 0.3
      },
      "optional_equipment_slots": [
        "MAINHAND"
      ]
    },
    {
      "type": "kevslibrary:crit_chance",
      "modifier": {
        "name": "tiered:unique_melee_1",
        "operation": "ADD_VALUE",
        "amount": 0.2
      },
      "optional_equipment_slots": [
        "MAINHAND"
      ]
    },
    {
      "type": "generic.luck",
      "modifier": {
        "name": "tiered:unique_melee_1",
        "operation": "ADD_VALUE",
        "amount": 3
      },
      "optional_equipment_slots": [
        "MAINHAND"
      ]
    },
    {
      "type": "player.entity_interaction_range",
      "modifier": {
        "name": "tiered:unique_melee_1",
        "operation": "ADD_VALUE",
        "amount": 0.5
      },
      "optional_equipment_slots": [
        "MAINHAND"
      ]
    }
  ]
}