{
  "type": "minecraft:chest",
  "random_sequence": "repurposed_structures:chests",
  "pools": [
    {
      "rolls": {
        "min": 2.0,
        "max": 8.0,
        "type": "minecraft:uniform"
      },
      "entries": [
        {
          "name": "minecraft:coal",
          "type": "minecraft:item",
          "weight": 8,
          "functions": [
            {
              "function": "minecraft:set_count",
              "count": {
                "min": 1.0,
                "max": 4.0,
                "type": "minecraft:uniform"
              }
            }
          ]
        },
        {
          "name": "minecraft:golden_axe",
          "type": "minecraft:item",
          "weight": 3
        },
        {
          "name": "minecraft:rotten_flesh",
          "type": "minecraft:item",
          "weight": 7,
          "functions": [
            {
              "function": "minecraft:set_count",
              "count": {
                "min": 1.0,
                "max": 3.0,
                "type": "minecraft:uniform"
              }
            }
          ]
        },
        {
          "name": "minecraft:gold_nugget",
          "type": "minecraft:item",
          "weight": 10,
          "functions": [
            {
              "function": "minecraft:set_count",
              "count": {
                "min": 1.0,
                "max": 3.0,
                "type": "minecraft:uniform"
              }
            }
          ]
        },
        {
          "name": "minecraft:quartz",
          "type": "minecraft:item",
          "weight": 2,
          "functions": [
            {
              "function": "minecraft:set_count",
              "count": {
                "min": 1.0,
                "max": 3.0,
                "type": "minecraft:uniform"
              }
            }
          ]
        },
        {
          "name": "minecraft:ghast_tear",
          "type": "minecraft:item",
          "weight": 5,
          "functions": [
            {
              "function": "minecraft:set_count",
              "count": {
                "min": 1.0,
                "max": 5.0,
                "type": "minecraft:uniform"
              }
            }
          ]
        }
      ]
    },
    {
      "rolls": 1,
      "entries": [
        {
          "name": "minecraft:golden_apple",
          "type": "minecraft:item",
          "weight": 2
        },
        {
          "name": "minecraft:book",
          "type": "minecraft:item",
          "weight": 5,
          "functions": [
            {
              "function": "minecraft:enchant_randomly",
              "options": "#minecraft:on_random_loot"
            }
          ]
        },
        {
          "name": "minecraft:leather_chestplate",
          "type": "minecraft:item",
          "weight": 2
        },
        {
          "name": "minecraft:golden_helmet",
          "type": "minecraft:item",
          "weight": 2
        },
        {
          "name": "minecraft:golden_chestplate",
          "type": "minecraft:item",
          "weight": 2
        },
        {
          "name": "minecraft:magma_cream",
          "type": "minecraft:item",
          "weight": 1,
          "functions": [
            {
              "function": "minecraft:set_count",
              "count": {
                "min": 1.0,
                "max": 3.0,
                "type": "minecraft:uniform"
              }
            }
          ]
        },
        {
          "name": "minecraft:map",
          "type": "minecraft:item",
          "weight": 2,
          "functions": [
            {
              "function": "minecraft:exploration_map",
              "destination": "repurposed_structures:explorer_maps/bastion_remnant",
              "decoration": "banner_black",
              "zoom": 2,
              "skip_existing_chunks": false
            },
            {
              "function": "minecraft:set_name",
              "name": {
                "translate": "Bastion Remnant Map"
              }
            }
          ]
        }
      ]
    },
    {
      "rolls": 1,
      "entries": [
        {
          "name": "minecraft:warped_fungus_on_a_stick",
          "type": "minecraft:item",
          "weight": 20
        },
        {
          "name": "minecraft:book",
          "type": "minecraft:item",
          "weight": 16,
          "functions": [
            {
              "function": "minecraft:enchant_randomly",
              "options": "#minecraft:on_random_loot"
            }
          ]
        },
        {
          "name": "minecraft:leather_helmet",
          "type": "minecraft:item",
          "weight": 10
        },
        {
          "name": "minecraft:leather_chestplate",
          "type": "minecraft:item",
          "weight": 10
        },
        {
          "name": "minecraft:leather_leggings",
          "type": "minecraft:item",
          "weight": 10
        },
        {
          "name": "minecraft:leather_boots",
          "type": "minecraft:item",
          "weight": 10
        },
        {
          "name": "minecraft:golden_apple",
          "type": "minecraft:item",
          "weight": 5
        },
        {
          "name": "minecraft:magma_cream",
          "type": "minecraft:item",
          "weight": 5,
          "functions": [
            {
              "function": "minecraft:set_count",
              "count": {
                "min": 1.0,
                "max": 3.0,
                "type": "minecraft:uniform"
              }
            }
          ]
        },
        {
          "name": "minecraft:map",
          "type": "minecraft:item",
          "weight": 3,
          "functions": [
            {
              "function": "minecraft:exploration_map",
              "destination": "repurposed_structures:explorer_maps/bastion_remnant",
              "decoration": "banner_black",
              "zoom": 2,
              "skip_existing_chunks": false
            },
            {
              "function": "minecraft:set_name",
              "name": {
                "translate": "Bastion Remnant Map"
              }
            }
          ]
        },
        {
          "name": "minecraft:map",
          "type": "minecraft:item",
          "weight": 3,
          "functions": [
            {
              "function": "minecraft:exploration_map",
              "destination": "repurposed_structures:explorer_maps/city_nether",
              "decoration": "banner_gray",
              "zoom": 2,
              "skip_existing_chunks": false
            },
            {
              "function": "minecraft:set_name",
              "name": {
                "translate": "Nether City Map"
              }
            }
          ]
        },
        {
          "name": "minecraft:map",
          "type": "minecraft:item",
          "weight": 2,
          "functions": [
            {
              "function": "minecraft:exploration_map",
              "destination": "repurposed_structures:explorer_maps/ancient_city_nether",
              "decoration": "monument",
              "zoom": 2,
              "skip_existing_chunks": false
            },
            {
              "function": "minecraft:set_name",
              "name": {
                "translate": "Nether Ancient City Map"
              }
            }
          ]
        }
      ]
    },
    {
      "rolls": 1,
      "entries": [
        {
          "type": "minecraft:loot_table",
          "value": "repurposed_structures:chests/lucky_pool"
        }
      ]
    },
    {
      "rolls": 0,
      "bonus_rolls": 1,
      "entries": [
        {
          "type": "minecraft:empty",
          "weight": 130
        },
        {
          "name": "minecraft:black_banner",
          "type": "minecraft:item",
          "weight": 30,
          "functions": [
            {
              "function": "minecraft:set_banner_pattern",
              "append": true,
              "patterns": [
                {
                  "pattern": "minecraft:gradient_up",
                  "color": "orange"
                },
                {
                  "pattern": "minecraft:gradient",
                  "color": "red"
                },
                {
                  "pattern": "minecraft:circle",
                  "color": "black"
                },
                {
                  "pattern": "minecraft:curly_border",
                  "color": "black"
                },
                {
                  "pattern": "minecraft:small_stripes",
                  "color": "black"
                }
              ]
            }
          ]
        },
        {
          "name": "minecraft:golden_hoe",
          "type": "minecraft:item",
          "weight": 7,
          "functions": [
            {
              "function": "minecraft:set_damage",
              "damage": {
                "min": 0.1,
                "max": 0.75
              }
            },
            {
              "function": "minecraft:enchant_with_levels",
              "levels": {
                "min": 5.0,
                "max": 25.0,
                "type": "minecraft:uniform"
              },
              "options": "#minecraft:on_random_loot"
            }
          ]
        }
      ]
    }
  ]
}