{
    "id": "tiered:legendary_shield_2",
    "verifiers": [
        {
            "tag": "c:tools/shields"
        }
    ],
    "weight": 3,
    "style": {
        "color": "gold"
    },
    "attributes": [
        {
            "type": "tiered:generic.durable",
            "modifier": {
                "name": "tiered:legendary_shield_2",
                "operation": "ADD_MULTIPLIED_TOTAL",
                "amount": 0.3
            },
            "optional_equipment_slots": [
                "MAINHAND",
                "OFFHAND"
            ]
        },
        {
            "type": "generic.max_health",
            "modifier": {
                "name": "tiered:legendary_shield_2",
                "operation": "ADD_VALUE",
                "amount": 4
            },
            "optional_equipment_slots": [
                "MAINHAND",
                "OFFHAND"
            ]
        },
        {
            "type": "generic.movement_speed",
            "modifier": {
                "name": "tiered:legendary_shield_2",
                "operation": "ADD_MULTIPLIED_TOTAL",
                "amount": 0.05
            },
            "optional_equipment_slots": [
                "MAINHAND",
                "OFFHAND"
            ]
        }
    ]
}