{
  "description": {
    "translate": "enchantment.enchantencore.bedrocker",
    "fallback": "Bedrocker"
  },
  "supported_items": "minecraft:netherite_pickaxe",
  "weight": 1,
  "max_level": 1,
  "min_cost": {
    "base": 40,
    "per_level_above_first": 7
  },
  "max_cost": {
    "base": 50,
    "per_level_above_first": 0
  },
  "anvil_cost": 8,
  "slots": [
    "mainhand"
  ],
  "effects": {
    "minecraft:hit_block": [
      {
        "effect": {
          "type": "minecraft:damage_item",
          "amount": 75
        },
        "requirements": {
          "condition": "minecraft:block_state_property",
          "block": "minecraft:bedrock",
          "properties": {}
        }
      },
      {
        "effect": {
          "type": "minecraft:replace_block",
          "block_state": {
            "type": "minecraft:simple_state_provider",
            "state": {
              "Name": "minecraft:reinforced_deepslate"
            }
          },
          "predicate": {
            "type": "minecraft:matching_blocks",
            "blocks": "minecraft:bedrock"
          },
          "trigger_game_event": "minecraft:block_destroy"
        }
      },
      {
        "effect": {
          "type": "minecraft:spawn_particles",
          "particle": {
            "type": "minecraft:poof"
          },
          "horizontal_position": {
            "type": "in_bounding_box",
            "offset": 0
          },
          "vertical_position": {
            "type": "in_bounding_box",
            "offset": 0
          },
          "horizontal_velocity": {
            "base": 0
          },
          "vertical_velocity": {
            "base": 0
          },
          "speed": 0.5
        },
        "requirements": {
          "condition": "minecraft:block_state_property",
          "block": "minecraft:bedrock",
          "properties": {}
        }
      }
    ]
  }
}
