{
  "description": {
    "translate": "enchantment.enchantencore.bunny_hop",
    "fallback": "Bunny Hop"
  },
  "exclusive_set": "#enchantencore:exclusive_set/leggings",
  "supported_items": "#minecraft:enchantable/leg_armor",
  "weight": 3,
  "max_level": 3,
  "min_cost": {
    "base": 25,
    "per_level_above_first": 25
  },
  "max_cost": {
    "base": 75,
    "per_level_above_first": 25
  },
  "anvil_cost": 8,
  "slots": [
    "legs"
  ],
  "effects": {
    "minecraft:attributes": [
      {
        "id": "enchantencore:jumpstrength",
        "attribute": "minecraft:generic.jump_strength",
        "amount": {
          "type": "minecraft:linear",
          "base": 0.15,
          "per_level_above_first": 0.1
        },
        "operation": "add_value"
      },
      {
        "id": "enchantencore:safeland.bh",
        "attribute": "minecraft:generic.safe_fall_distance",
        "amount": {
          "type": "minecraft:linear",
          "base": 0.2,
          "per_level_above_first": 0.15
        },
        "operation": "add_value"
      }
    ]
  }
}
