{
    "description": {
    "translate": "enchantment.enchantencore.crab_claw",
    "fallback": "Crab Claw"
  },
    "supported_items": "#enchantencore:all_tools",
    "exclusive_set": "#enchantencore:exclusive_set/reach",
    "weight": 1,
    "max_level": 3,
    "min_cost": {
      "base": 15,
      "per_level_above_first": 9
    },
    "max_cost": {
      "base": 65,
      "per_level_above_first": 9
    },
    "anvil_cost": 4,
    "slots": [
      "mainhand"
    ],
    "effects": {
      "minecraft:attributes": [
        {
          "id": "enchantencore:crabclaw_block",
          "attribute": "minecraft:player.block_interaction_range",
          "amount": {
            "type": "minecraft:linear",
            "base": 1,
            "per_level_above_first": 1
          },
          "operation": "add_value"
        },
        {
          "id": "enchantencore:crabclaw_entity",
          "attribute": "minecraft:player.entity_interaction_range",
          "amount": {
            "type": "minecraft:linear",
            "base": 1,
            "per_level_above_first": 1
          },
          "operation": "add_value"
        }
      ]
    }
  }
  