{
    "description": {
    "translate": "enchantment.enchantencore.midas_touch",
    "fallback": "Midas Touch"
  },
    "supported_items": "#enchantencore:all_golden_armor",
    "exclusive_set": "#enchantencore:exclusive_set/repair",
    "weight": 6,
    "max_level": 1,
    "min_cost": {
      "base": 5,
      "per_level_above_first": 5
    },
    "max_cost": {
      "base": 30,
      "per_level_above_first": 10
    },
    "anvil_cost": 1,
    "slots": [
      "any"
    ],
    "effects": {
      "minecraft:item_damage": [
        {
          "effect": {
            "type": "minecraft:remove_binomial",
            "chance": {
              "type": "minecraft:fraction",
              "numerator": 4,
              "denominator": 5
            }
          }
        }
      ]
    }
  }
  