{
    "description": {
    "translate": "enchantment.enchantencore.sacrifice",
    "fallback": "Sacrifice"
  },
    "exclusive_set": "#enchantencore:exclusive_set/repair",
    "supported_items": "#enchantencore:all_enchantable",
    "weight": 4,
    "max_level": 5,
    "min_cost": {
      "base": 20,
      "per_level_above_first": 8
    },
    "max_cost": {
      "base": 40,
      "per_level_above_first": 8
    },
    "anvil_cost": 1,
    "slots": [
      "any"
    ],
    "effects": {
      "minecraft:post_attack": [
        {
          "enchanted": "victim",
          "affected": "victim",
          "effect": {
            "type": "minecraft:damage_item",
            "amount": {
              "type": "minecraft:linear",
              "base": -1.0,
              "per_level_above_first": -0.5
            }
          }
        }
      ]
    }
  }
  