{
  "description": {
    "translate": "enchantment.enchantencore.sting",
    "fallback": "Sting"
  },
  "exclusive_set": "#enchantencore:exclusive_set/crossbow",
  "supported_items": "minecraft:crossbow",
  "weight": 3,
  "max_level": 1,
  "min_cost": {
    "base": 15,
    "per_level_above_first": 8
  },
  "max_cost": {
    "base": 55,
    "per_level_above_first": 8
  },
  "anvil_cost": 2,
  "slots": [
    "mainhand"
  ],
  "effects": {
    "minecraft:crossbow_charging_sounds": [
      {
        "start": "minecraft:block.beehive.enter",
        "end": "minecraft:entity.bee.hurt"
      }
    ],
    "minecraft:post_attack": [
      {
        "enchanted": "attacker",
        "affected": "attacker",
        "effect": {
          "type": "minecraft:damage_item",
          "amount": {
            "type": "minecraft:clamped",
            "value": 9,
            "min": 6,
            "max": 12
          }
        },
        "requirements": {
          "condition": "minecraft:entity_properties",
          "entity": "direct_attacker",
          "predicate": {
            "type": "#enchantencore:hard_projectiles"
          }
        }
      },
      {
        "enchanted": "attacker",
        "affected": "victim",
        "effect": {
          "type": "minecraft:summon_entity",
          "entity": "minecraft:bee"
        },
        "requirements": {
          "condition": "minecraft:entity_properties",
          "entity": "direct_attacker",
          "predicate": {
            "type": "#enchantencore:hard_projectiles"
          }
        }
      },
      {
        "enchanted": "attacker",
        "affected": "victim",
        "effect": {
          "type": "minecraft:run_function",
          "function": "enchantencore:sting"
        },
        "requirements": {
          "condition": "minecraft:entity_properties",
          "entity": "direct_attacker",
          "predicate": {
            "type": "#enchantencore:hard_projectiles"
          }
        }
      }
    ]
  }
}
