{
  "type": "minecraft:chest",
  "random_sequence": "repurposed_structures:chests",
  "pools": [
    {
      "rolls": 3,
      "entries": [
        {
          "type": "minecraft:empty",
          "weight": 1000
        },
        {
          "name": "minecraft:sweet_berries",
          "type": "minecraft:item",
          "weight": 60
        },
        {
          "name": "minecraft:string",
          "type": "minecraft:item",
          "weight": 60
        },
        {
          "name": "minecraft:rabbit_hide",
          "type": "minecraft:item",
          "weight": 60
        },
        {
          "name": "minecraft:wheat",
          "type": "minecraft:item",
          "weight": 60
        },
        {
          "name": "minecraft:bread",
          "type": "minecraft:item",
          "weight": 60
        },
        {
          "name": "minecraft:melon_seeds",
          "type": "minecraft:item",
          "weight": 60
        },
        {
          "name": "minecraft:pumpkin_seeds",
          "type": "minecraft:item",
          "weight": 60
        },
        {
          "name": "minecraft:apple",
          "type": "minecraft:item",
          "weight": 60
        },
        {
          "name": "minecraft:gunpowder",
          "type": "minecraft:item",
          "weight": 30
        },
        {
          "name": "minecraft:redstone",
          "type": "minecraft:item",
          "weight": 30
        },
        {
          "name": "minecraft:coal",
          "type": "minecraft:item",
          "weight": 30
        },
        {
          "name": "minecraft:bone",
          "type": "minecraft:item",
          "weight": 30
        },
        {
          "name": "minecraft:golden_apple",
          "type": "minecraft:item",
          "weight": 4
        },
        {
          "name": "minecraft:enchanted_golden_apple",
          "type": "minecraft:item",
          "weight": 1
        }
      ]
    },
    {
      "rolls": 1,
      "entries": [
        {
          "type": "minecraft:loot_table",
          "value": "repurposed_structures:chests/lucky_pool"
        }
      ]
    },
    {
      "rolls": 0,
      "bonus_rolls": 1,
      "entries": [
        {
          "type": "minecraft:empty",
          "weight": 800
        },
        {
          "name": "minecraft:black_banner",
          "type": "minecraft:item",
          "weight": 30,
          "functions": [
            {
              "function": "minecraft:set_banner_pattern",
              "append": true,
              "patterns": [
                {
                  "pattern": "minecraft:triangle_bottom",
                  "color": "lime"
                },
                {
                  "pattern": "minecraft:skull",
                  "color": "white"
                },
                {
                  "pattern": "minecraft:skull",
                  "color": "brown"
                },
                {
                  "pattern": "minecraft:skull",
                  "color": "black"
                },
                {
                  "pattern": "minecraft:stripe_bottom",
                  "color": "black"
                },
                {
                  "pattern": "minecraft:stripe_right",
                  "color": "black"
                },
                {
                  "pattern": "minecraft:stripe_left",
                  "color": "black"
                },
                {
                  "pattern": "minecraft:border",
                  "color": "brown"
                },
                {
                  "pattern": "minecraft:triangles_top",
                  "color": "brown"
                },
                {
                  "pattern": "minecraft:triangles_top",
                  "color": "black"
                },
                {
                  "pattern": "minecraft:triangles_bottom",
                  "color": "brown"
                },
                {
                  "pattern": "minecraft:triangles_bottom",
                  "color": "black"
                }
              ]
            }
          ]
        },
        {
          "name": "minecraft:emerald",
          "type": "minecraft:item",
          "weight": 10,
          "functions": [
            {
              "function": "minecraft:set_count",
              "count": 2
            }
          ]
        }
      ]
    }
  ]
}