{
  "replace": false,
  "values": [
    "minecraft:flower_forest",
    "minecraft:cherry_grove",
    {
      "id": "#c:flower_forests",
      "required": false
    },
    {
      "id": "terralith:blooming_plateau",
      "required": false
    },
    {
      "id": "terralith:blooming_valley",
      "required": false
    },
    {
      "id": "terralith:moonlight_grove",
      "required": false
    },
    {
      "id": "terralith:moonlight_valley",
      "required": false
    },
    {
      "id": "terralith:sakura_grove",
      "required": false
    },
    {
      "id": "terralith:sakura_valley",
      "required": false
    },
    {
      "id": "terralith:snowy_cherry_grove",
      "required": false
    },
    {
      "id": "#byg:is_floral",
      "required": false
    },
    {
      "id": "#biomeswevegone:is_floral",
      "required": false
    },
    {
      "id": "biomesoplenty:cherry_blossom_grove",
      "required": false
    },
    {
      "id": "biomesoplenty:lavender_field",
      "required": false
    },
    {
      "id": "biomesoplenty:lavender_forest",
      "required": false
    },
    {
      "id": "projectvibrantjourneys:blossoming_fields",
      "required": false
    },
    {
      "id": "regions_unexplored:cherry_hills",
      "required": false
    },
    {
      "id": "regions_unexplored:magnolia_woodland",
      "required": false
    },
    {
      "id": "regions_unexplored:flower_field",
      "required": false
    },
    {
      "id": "regions_unexplored:flower_fields",
      "required": false
    },
    {
      "id": "regions_unexplored:highland_fields",
      "required": false
    },
    {
      "id": "regions_unexplored:meadow",
      "required": false
    },
    {
      "id": "regions_unexplored:lupine_plains",
      "required": false
    },
    {
      "id": "regions_unexplored:clover_plains",
      "required": false
    },
    {
      "id": "regions_unexplored:mauve_hills",
      "required": false
    },
    {
      "id": "regions_unexplored:poppy_fields",
      "required": false
    },
    {
      "id": "regions_unexplored:temperate_grove",
      "required": false
    }
  ]
}