{
    "id": "tiered:common_tool_3",
    "verifiers": [
        {
            "tag": "minecraft:axes"
        },
        {
            "tag": "minecraft:pickaxes"
        },
        {
            "tag": "minecraft:shovels"
        },
        {
            "tag": "minecraft:hoes"
        }
    ],
    "weight": 75,
    "style": {
        "color": "gray"
    },
    "attributes": [
        {
            "type": "minecraft:player.block_break_speed",
            "modifier": {
                "name": "tiered:common_tool_3",
                "operation": "ADD_MULTIPLIED_TOTAL",
                "amount": 0.05
            },
            "optional_equipment_slots": [
                "MAINHAND"
            ]
        },
        {
            "type": "generic.movement_speed",
            "modifier": {
                "name": "tiered:common_tool_3",
                "operation": "ADD_MULTIPLIED_TOTAL",
                "amount": 0.02
            },
            "optional_equipment_slots": [
                "MAINHAND"
            ]
        }
    ]
}