{
    "id": "tiered:epic_tool_4",
    "verifiers": [
        {
            "tag": "minecraft:axes"
        },
        {
            "tag": "minecraft:pickaxes"
        },
        {
            "tag": "minecraft:shovels"
        },
        {
            "tag": "minecraft:hoes"
        }
    ],
    "weight": 8,
    "style": {
        "color": "dark_purple"
    },
    "attributes": [
        {
            "type": "minecraft:player.block_break_speed",
            "modifier": {
                "name": "tiered:epic_tool_4",
                "operation": "ADD_MULTIPLIED_TOTAL",
                "amount": 0.15
            },
            "optional_equipment_slots": [
                "MAINHAND"
            ]
        },
        {
            "type": "player.block_interaction_range",
            "modifier": {
                "name": "tiered:epic_tool_4",
                "operation": "ADD_VALUE",
                "amount": 1.5
            },
            "optional_equipment_slots": [
                "MAINHAND"
            ]
        }
    ]
}