{
    "id": "tiered:legendary_tool_1",
    "verifiers": [
        {
            "tag": "minecraft:axes"
        },
        {
            "tag": "minecraft:pickaxes"
        },
        {
            "tag": "minecraft:shovels"
        },
        {
            "tag": "minecraft:hoes"
        }
    ],
    "weight": 3,
    "style": {
        "color": "gold"
    },
    "attributes": [
        {
            "type": "tiered:generic.durable",
            "modifier": {
                "name": "tiered:legendary_tool_1",
                "operation": "ADD_MULTIPLIED_TOTAL",
                "amount": 0.25
            },
            "optional_equipment_slots": [
                "MAINHAND"
            ]
        },
        {
            "type": "generic.movement_speed",
            "modifier": {
                "name": "tiered:legendary_tool_1",
                "operation": "ADD_MULTIPLIED_TOTAL",
                "amount": 0.15
            },
            "optional_equipment_slots": [
                "MAINHAND"
            ]
        },
        {
            "type": "player.block_interaction_range",
            "modifier": {
                "name": "tiered:legendary_tool_1",
                "operation": "ADD_VALUE",
                "amount": 2
            },
            "optional_equipment_slots": [
                "MAINHAND"
            ]
        }
    ]
}