{
    "id": "tiered:rare_tool_4",
    "verifiers": [
        {
            "tag": "minecraft:axes"
        },
        {
            "tag": "minecraft:pickaxes"
        },
        {
            "tag": "minecraft:shovels"
        },
        {
            "tag": "minecraft:hoes"
        }
    ],
    "weight": 15,
    "style": {
        "color": "blue"
    },
    "attributes": [
        {
            "type": "minecraft:player.block_break_speed",
            "modifier": {
                "name": "tiered:rare_tool_4",
                "operation": "ADD_MULTIPLIED_TOTAL",
                "amount": 0.1
            },
            "optional_equipment_slots": [
                "MAINHAND"
            ]
        },
        {
            "type": "player.block_interaction_range",
            "modifier": {
                "name": "tiered:rare_tool_4",
                "operation": "ADD_VALUE",
                "amount": 1
            },
            "optional_equipment_slots": [
                "MAINHAND"
            ]
        }
    ]
}