{
    "id": "tiered:rare_tool_2",
    "verifiers": [
        {
            "tag": "minecraft:axes"
        },
        {
            "tag": "minecraft:pickaxes"
        },
        {
            "tag": "minecraft:shovels"
        },
        {
            "tag": "minecraft:hoes"
        }
    ],
    "weight": 15,
    "style": {
        "color": "blue"
    },
    "attributes": [
        {
            "type": "tiered:generic.durable",
            "modifier": {
                "name": "tiered:rare_tool_2",
                "operation": "ADD_MULTIPLIED_TOTAL",
                "amount": 0.15
            },
            "optional_equipment_slots": [
                "MAINHAND"
            ]
        },
        {
            "type": "generic.movement_speed",
            "modifier": {
                "name": "tiered:rare_tool_2",
                "operation": "ADD_MULTIPLIED_TOTAL",
                "amount": 0.1
            },
            "optional_equipment_slots": [
                "MAINHAND"
            ]
        }
    ]
}