{
    "id": "tiered:unique_tool_3",
    "verifiers": [
        {
            "tag": "minecraft:axes"
        },
        {
            "tag": "minecraft:pickaxes"
        },
        {
            "tag": "minecraft:shovels"
        },
        {
            "tag": "minecraft:hoes"
        }
    ],
    "weight": 1,
    "style": {
        "color": "light_purple"
    },
    "attributes": [
        {
            "type": "minecraft:player.block_break_speed",
            "modifier": {
                "name": "tiered:unique_tool_3",
                "operation": "ADD_MULTIPLIED_TOTAL",
                "amount": 0.3
            },
            "optional_equipment_slots": [
                "MAINHAND"
            ]
        },
        {
            "type": "generic.movement_speed",
            "modifier": {
                "name": "tiered:unique_tool_3",
                "operation": "ADD_MULTIPLIED_TOTAL",
                "amount": 0.2
            },
            "optional_equipment_slots": [
                "MAINHAND"
            ]
        },
        {
            "type": "player.block_interaction_range",
            "modifier": {
                "name": "tiered:unique_tool_3",
                "operation": "ADD_VALUE",
                "amount": 3
            },
            "optional_equipment_slots": [
                "MAINHAND"
            ]
        }
    ]
}