{
  "type": "minecraft:chest",
  "random_sequence": "repurposed_structures:chests",
  "pools": [
    {
      "rolls": {
        "min": 2.0,
        "max": 4.0,
        "type": "minecraft:uniform"
      },
      "entries": [
        {
          "name": "minecraft:elytra",
          "type": "minecraft:item",
          "weight": 1
        },
        {
          "name": "minecraft:enchanted_golden_apple",
          "type": "minecraft:item",
          "weight": 5
        },
        {
          "name": "minecraft:end_crystal",
          "type": "minecraft:item",
          "weight": 9
        },
        {
          "name": "minecraft:shulker_shell",
          "type": "minecraft:item",
          "weight": 40
        },
        {
          "name": "minecraft:phantom_membrane",
          "type": "minecraft:item",
          "weight": 40,
          "functions": [
            {
              "function": "minecraft:set_count",
              "count": {
                "min": 1.0,
                "max": 2.0,
                "type": "minecraft:uniform"
              }
            }
          ]
        },
        {
          "name": "minecraft:experience_bottle",
          "type": "minecraft:item",
          "weight": 65,
          "functions": [
            {
              "function": "minecraft:set_count",
              "count": {
                "min": 1.0,
                "max": 2.0,
                "type": "minecraft:uniform"
              }
            }
          ]
        },
        {
          "name": "minecraft:obsidian",
          "type": "minecraft:item",
          "weight": 65,
          "functions": [
            {
              "function": "minecraft:set_count",
              "count": {
                "min": 1.0,
                "max": 6.0,
                "type": "minecraft:uniform"
              }
            }
          ]
        },
        {
          "name": "minecraft:purpur_block",
          "type": "minecraft:item",
          "weight": 65,
          "functions": [
            {
              "function": "minecraft:set_count",
              "count": {
                "min": 1.0,
                "max": 6.0,
                "type": "minecraft:uniform"
              }
            }
          ]
        },
        {
          "name": "minecraft:diamond",
          "type": "minecraft:item",
          "weight": 105,
          "functions": [
            {
              "function": "minecraft:set_count",
              "count": {
                "min": 1.0,
                "max": 8.0,
                "type": "minecraft:uniform"
              }
            }
          ]
        },
        {
          "name": "minecraft:emerald",
          "type": "minecraft:item",
          "weight": 105,
          "functions": [
            {
              "function": "minecraft:set_count",
              "count": {
                "min": 3.0,
                "max": 8.0,
                "type": "minecraft:uniform"
              }
            }
          ]
        },
        {
          "type": "minecraft:empty",
          "weight": 145
        },
        {
          "name": "minecraft:book",
          "type": "minecraft:item",
          "weight": 165,
          "functions": [
            {
              "function": "minecraft:enchant_with_levels",
              "options": "#minecraft:on_random_loot",
              "levels": {
                "min": 25.0,
                "max": 45.0,
                "type": "minecraft:uniform"
              }
            }
          ]
        }
      ]
    },
    {
      "rolls": 4,
      "entries": [
        {
          "name": "minecraft:purple_dye",
          "type": "minecraft:item",
          "weight": 10,
          "functions": [
            {
              "function": "minecraft:set_count",
              "count": {
                "min": 1.0,
                "max": 8.0,
                "type": "minecraft:uniform"
              }
            }
          ]
        },
        {
          "name": "minecraft:ender_pearl",
          "type": "minecraft:item",
          "weight": 15,
          "functions": [
            {
              "function": "minecraft:set_count",
              "count": {
                "min": 2.0,
                "max": 9.0,
                "type": "minecraft:uniform"
              }
            }
          ]
        },
        {
          "name": "minecraft:chorus_fruit",
          "type": "minecraft:item",
          "weight": 10,
          "functions": [
            {
              "function": "minecraft:set_count",
              "count": {
                "min": 4.0,
                "max": 16.0,
                "type": "minecraft:uniform"
              }
            }
          ]
        },
        {
          "name": "minecraft:ender_eye",
          "type": "minecraft:item",
          "weight": 10,
          "functions": [
            {
              "function": "minecraft:set_count",
              "count": {
                "min": 2.0,
                "max": 8.0,
                "type": "minecraft:uniform"
              }
            }
          ]
        },
        {
          "name": "minecraft:obsidian",
          "type": "minecraft:item",
          "weight": 10,
          "functions": [
            {
              "function": "minecraft:set_count",
              "count": {
                "min": 4.0,
                "max": 16.0,
                "type": "minecraft:uniform"
              }
            }
          ]
        }
      ]
    },
    {
      "rolls": 1,
      "entries": [
        {
          "type": "minecraft:empty",
          "weight": 20
        },
        {
          "name": "minecraft:ender_eye",
          "type": "minecraft:item",
          "weight": 20,
          "functions": [
            {
              "function": "minecraft:set_count",
              "count": {
                "min": 1.0,
                "max": 3.0,
                "type": "minecraft:uniform"
              }
            }
          ]
        },
        {
          "name": "minecraft:map",
          "type": "minecraft:item",
          "weight": 1,
          "functions": [
            {
              "function": "minecraft:exploration_map",
              "destination": "repurposed_structures:explorer_maps/stronghold_end",
              "decoration": "banner_black",
              "zoom": 1,
              "skip_existing_chunks": false
            },
            {
              "function": "minecraft:set_name",
              "name": {
                "translate": "End Stronghold Map"
              }
            }
          ]
        }
      ]
    },
    {
      "rolls": 1,
      "bonus_rolls": 0.0,
      "entries": [
        {
          "type": "minecraft:empty",
          "weight": 6
        },
        {
          "name": "minecraft:dune_armor_trim_smithing_template",
          "type": "minecraft:item",
          "functions": [
            {
              "add": false,
              "count": 2.0,
              "function": "minecraft:set_count"
            }
          ]
        }
      ]
    },
    {
      "rolls": 1,
      "entries": [
        {
          "type": "minecraft:loot_table",
          "value": "repurposed_structures:chests/lucky_pool"
        }
      ]
    },
    {
      "rolls": 0,
      "bonus_rolls": 1,
      "entries": [
        {
          "type": "minecraft:empty",
          "weight": 130
        },
        {
          "name": "minecraft:black_banner",
          "type": "minecraft:item",
          "weight": 30,
          "functions": [
            {
              "function": "minecraft:set_banner_pattern",
              "append": true,
              "patterns": [
                {
                  "pattern": "minecraft:bricks",
                  "color": "purple"
                },
                {
                  "pattern": "minecraft:bricks",
                  "color": "black"
                },
                {
                  "pattern": "minecraft:small_stripes",
                  "color": "black"
                },
                {
                  "pattern": "minecraft:flower",
                  "color": "purple"
                },
                {
                  "pattern": "minecraft:flower",
                  "color": "black"
                },
                {
                  "pattern": "minecraft:gradient_up",
                  "color": "purple"
                },
                {
                  "pattern": "minecraft:triangle_bottom",
                  "color": "purple"
                },
                {
                  "pattern": "minecraft:triangle_bottom",
                  "color": "purple"
                },
                {
                  "pattern": "minecraft:triangle_bottom",
                  "color": "black"
                },
                {
                  "pattern": "minecraft:triangles_bottom",
                  "color": "pink"
                },
                {
                  "pattern": "minecraft:triangles_bottom",
                  "color": "black"
                },
                {
                  "pattern": "minecraft:gradient",
                  "color": "black"
                }
              ]
            }
          ]
        },
        {
          "name": "minecraft:experience_bottle",
          "type": "minecraft:item",
          "weight": 5
        },
        {
          "type": "minecraft:item",
          "name": "minecraft:potion",
          "weight": 5,
          "functions": [
            {
              "function": "minecraft:set_components",
              "components": {
                "minecraft:potion_contents": {
                  "custom_effects": [
                    {
                      "id": "minecraft:levitation",
                      "amplifier": 1,
                      "duration": 20,
                      "ambient": false,
                      "show_particles": true,
                      "show_icon": true
                    }
                  ]
                }
              }
            }
          ]
        }
      ]
    }
  ]
}