{
  "parent": "repurposed_structures:root",
  "display": {
    "icon": {
      "id": "minecraft:bone"
    },
    "title": {
      "translate": "Bastions, Evil, and Bones..."
    },
    "description": {
      "translate": "Enter an Underground Bastion"
    },
    "show_toast": true,
    "announce_to_chat": true,
    "hidden": false
  },
  "rewards": {
    "experience": 500
  },
  "criteria": {
    "in_bastion_underground": {
      "trigger": "minecraft:location",
      "conditions": {
        "player": [
          {
            "condition": "minecraft:entity_properties",
            "entity": "this",
            "predicate": {
              "location": {
                "structures": "repurposed_structures:bastion_underground"
              }
            }
          }
        ]
      }
    }
  },
  "requirements": [
    [
      "in_bastion_underground"
    ]
  ]
}