{
  "parent": "repurposed_structures:root",
  "display": {
    "icon": {
      "id": "minecraft:red_banner"
    },
    "title": {
      "translate": "Blazing Cities"
    },
    "description": {
      "translate": "Enter a Nether City"
    },
    "show_toast": true,
    "announce_to_chat": true,
    "hidden": false
  },
  "rewards": {
    "experience": 500
  },
  "criteria": {
    "in_city_nether": {
      "trigger": "minecraft:location",
      "conditions": {
        "player": [
          {
            "condition": "minecraft:entity_properties",
            "entity": "this",
            "predicate": {
              "location": {
                "structures": "repurposed_structures:city_nether"
              }
            }
          }
        ]
      }
    }
  },
  "requirements": [
    [
      "in_city_nether"
    ]
  ]
}