{
  "parent": "repurposed_structures:root",
  "display": {
    "icon": {
      "id": "minecraft:totem_of_undying"
    },
    "title": {
      "translate": "Lavish Livings"
    },
    "description": {
      "translate": "Find all new Mansions!"
    },
    "show_toast": true,
    "announce_to_chat": true,
    "hidden": false
  },
  "rewards": {
    "experience": 500
  },
  "criteria": {
    "in_mansion_birch": {
      "trigger": "minecraft:location",
      "conditions": {
        "player": [
          {
            "condition": "minecraft:entity_properties",
            "entity": "this",
            "predicate": {
              "location": {
                "structures": "repurposed_structures:mansion_birch"
              }
            }
          }
        ]
      }
    },
    "in_mansion_desert": {
      "trigger": "minecraft:location",
      "conditions": {
        "player": [
          {
            "condition": "minecraft:entity_properties",
            "entity": "this",
            "predicate": {
              "location": {
                "structures": "repurposed_structures:mansion_desert"
              }
            }
          }
        ]
      }
    },
    "in_mansion_jungle": {
      "trigger": "minecraft:location",
      "conditions": {
        "player": [
          {
            "condition": "minecraft:entity_properties",
            "entity": "this",
            "predicate": {
              "location": {
                "structures": "repurposed_structures:mansion_jungle"
              }
            }
          }
        ]
      }
    },
    "in_mansion_mangrove": {
      "trigger": "minecraft:location",
      "conditions": {
        "player": [
          {
            "condition": "minecraft:entity_properties",
            "entity": "this",
            "predicate": {
              "location": {
                "structures": "repurposed_structures:mansion_mangrove"
              }
            }
          }
        ]
      }
    },
    "in_mansion_oak": {
      "trigger": "minecraft:location",
      "conditions": {
        "player": [
          {
            "condition": "minecraft:entity_properties",
            "entity": "this",
            "predicate": {
              "location": {
                "structures": "repurposed_structures:mansion_oak"
              }
            }
          }
        ]
      }
    },
    "in_mansion_savanna": {
      "trigger": "minecraft:location",
      "conditions": {
        "player": [
          {
            "condition": "minecraft:entity_properties",
            "entity": "this",
            "predicate": {
              "location": {
                "structures": "repurposed_structures:mansion_savanna"
              }
            }
          }
        ]
      }
    },
    "in_mansion_snowy": {
      "trigger": "minecraft:location",
      "conditions": {
        "player": [
          {
            "condition": "minecraft:entity_properties",
            "entity": "this",
            "predicate": {
              "location": {
                "structures": "repurposed_structures:mansion_snowy"
              }
            }
          }
        ]
      }
    },
    "in_mansion_taiga": {
      "trigger": "minecraft:location",
      "conditions": {
        "player": [
          {
            "condition": "minecraft:entity_properties",
            "entity": "this",
            "predicate": {
              "location": {
                "structures": "repurposed_structures:mansion_taiga"
              }
            }
          }
        ]
      }
    }
  },
  "requirements": [
    [
      "in_mansion_birch"
    ],
    [
      "in_mansion_desert"
    ],
    [
      "in_mansion_jungle"
    ],
    [
      "in_mansion_mangrove"
    ],
    [
      "in_mansion_oak"
    ],
    [
      "in_mansion_savanna"
    ],
    [
      "in_mansion_snowy"
    ],
    [
      "in_mansion_taiga"
    ]
  ]
}