{
  "parent": "repurposed_structures:root",
  "display": {
    "icon": {
      "id": "minecraft:crossbow"
    },
    "title": {
      "translate": "Territory Control"
    },
    "description": {
      "translate": "Find all new Outposts!"
    },
    "show_toast": true,
    "announce_to_chat": true,
    "hidden": false
  },
  "rewards": {
    "experience": 310
  },
  "criteria": {
    "in_outpost_badlands": {
      "trigger": "minecraft:location",
      "conditions": {
        "player": [
          {
            "condition": "minecraft:entity_properties",
            "entity": "this",
            "predicate": {
              "location": {
                "structures": "repurposed_structures:outpost_badlands"
              }
            }
          }
        ]
      }
    },
    "in_outpost_basalt": {
      "trigger": "minecraft:location",
      "conditions": {
        "player": [
          {
            "condition": "minecraft:entity_properties",
            "entity": "this",
            "predicate": {
              "location": {
                "structures": "repurposed_structures:outpost_basalt"
              }
            }
          }
        ]
      }
    },
    "in_outpost_birch": {
      "trigger": "minecraft:location",
      "conditions": {
        "player": [
          {
            "condition": "minecraft:entity_properties",
            "entity": "this",
            "predicate": {
              "location": {
                "structures": "repurposed_structures:outpost_birch"
              }
            }
          }
        ]
      }
    },
    "in_outpost_crimson": {
      "trigger": "minecraft:location",
      "conditions": {
        "player": [
          {
            "condition": "minecraft:entity_properties",
            "entity": "this",
            "predicate": {
              "location": {
                "structures": "repurposed_structures:outpost_crimson"
              }
            }
          }
        ]
      }
    },
    "in_outpost_desert": {
      "trigger": "minecraft:location",
      "conditions": {
        "player": [
          {
            "condition": "minecraft:entity_properties",
            "entity": "this",
            "predicate": {
              "location": {
                "structures": "repurposed_structures:outpost_desert"
              }
            }
          }
        ]
      }
    },
    "in_outpost_end": {
      "trigger": "minecraft:location",
      "conditions": {
        "player": [
          {
            "condition": "minecraft:entity_properties",
            "entity": "this",
            "predicate": {
              "location": {
                "structures": "repurposed_structures:outpost_end"
              }
            }
          }
        ]
      }
    },
    "in_outpost_giant_tree_taiga": {
      "trigger": "minecraft:location",
      "conditions": {
        "player": [
          {
            "condition": "minecraft:entity_properties",
            "entity": "this",
            "predicate": {
              "location": {
                "structures": "repurposed_structures:outpost_giant_tree_taiga"
              }
            }
          }
        ]
      }
    },
    "in_outpost_icy": {
      "trigger": "minecraft:location",
      "conditions": {
        "player": [
          {
            "condition": "minecraft:entity_properties",
            "entity": "this",
            "predicate": {
              "location": {
                "structures": "repurposed_structures:outpost_icy"
              }
            }
          }
        ]
      }
    },
    "in_outpost_jungle": {
      "trigger": "minecraft:location",
      "conditions": {
        "player": [
          {
            "condition": "minecraft:entity_properties",
            "entity": "this",
            "predicate": {
              "location": {
                "structures": "repurposed_structures:outpost_jungle"
              }
            }
          }
        ]
      }
    },
    "in_outpost_mangrove": {
      "trigger": "minecraft:location",
      "conditions": {
        "player": [
          {
            "condition": "minecraft:entity_properties",
            "entity": "this",
            "predicate": {
              "location": {
                "structures": "repurposed_structures:outpost_mangrove"
              }
            }
          }
        ]
      }
    },
    "in_outpost_nether_brick": {
      "trigger": "minecraft:location",
      "conditions": {
        "player": [
          {
            "condition": "minecraft:entity_properties",
            "entity": "this",
            "predicate": {
              "location": {
                "structures": "repurposed_structures:outpost_nether_brick"
              }
            }
          }
        ]
      }
    },
    "in_outpost_oak": {
      "trigger": "minecraft:location",
      "conditions": {
        "player": [
          {
            "condition": "minecraft:entity_properties",
            "entity": "this",
            "predicate": {
              "location": {
                "structures": "repurposed_structures:outpost_oak"
              }
            }
          }
        ]
      }
    },
    "in_outpost_ocean": {
      "trigger": "minecraft:location",
      "conditions": {
        "player": [
          {
            "condition": "minecraft:entity_properties",
            "entity": "this",
            "predicate": {
              "location": {
                "structures": "repurposed_structures:outpost_ocean"
              }
            }
          }
        ]
      }
    },
    "in_outpost_savanna": {
      "trigger": "minecraft:location",
      "conditions": {
        "player": [
          {
            "condition": "minecraft:entity_properties",
            "entity": "this",
            "predicate": {
              "location": {
                "structures": "repurposed_structures:outpost_savanna"
              }
            }
          }
        ]
      }
    },
    "in_outpost_soul": {
      "trigger": "minecraft:location",
      "conditions": {
        "player": [
          {
            "condition": "minecraft:entity_properties",
            "entity": "this",
            "predicate": {
              "location": {
                "structures": "repurposed_structures:outpost_soul"
              }
            }
          }
        ]
      }
    },
    "in_outpost_snowy": {
      "trigger": "minecraft:location",
      "conditions": {
        "player": [
          {
            "condition": "minecraft:entity_properties",
            "entity": "this",
            "predicate": {
              "location": {
                "structures": "repurposed_structures:outpost_snowy"
              }
            }
          }
        ]
      }
    },
    "in_outpost_taiga": {
      "trigger": "minecraft:location",
      "conditions": {
        "player": [
          {
            "condition": "minecraft:entity_properties",
            "entity": "this",
            "predicate": {
              "location": {
                "structures": "repurposed_structures:outpost_taiga"
              }
            }
          }
        ]
      }
    },
    "in_outpost_warped": {
      "trigger": "minecraft:location",
      "conditions": {
        "player": [
          {
            "condition": "minecraft:entity_properties",
            "entity": "this",
            "predicate": {
              "location": {
                "structures": "repurposed_structures:outpost_warped"
              }
            }
          }
        ]
      }
    }
  },
  "requirements": [
    [
      "in_outpost_badlands"
    ],
    [
      "in_outpost_basalt"
    ],
    [
      "in_outpost_birch"
    ],
    [
      "in_outpost_crimson"
    ],
    [
      "in_outpost_desert"
    ],
    [
      "in_outpost_end"
    ],
    [
      "in_outpost_giant_tree_taiga"
    ],
    [
      "in_outpost_icy"
    ],
    [
      "in_outpost_birch"
    ],
    [
      "in_outpost_jungle"
    ],
    [
      "in_outpost_mangrove"
    ],
    [
      "in_outpost_nether_brick"
    ],
    [
      "in_outpost_oak"
    ],
    [
      "in_outpost_ocean"
    ],
    [
      "in_outpost_savanna"
    ],
    [
      "in_outpost_soul"
    ],
    [
      "in_outpost_snowy"
    ],
    [
      "in_outpost_taiga"
    ],
    [
      "in_outpost_warped"
    ]
  ]
}