{
  "parent": "repurposed_structures:root",
  "display": {
    "icon": {
      "id": "minecraft:magma_block"
    },
    "title": {
      "translate": "Remains of the Past"
    },
    "description": {
      "translate": "Find all new Ruins!"
    },
    "show_toast": true,
    "announce_to_chat": true,
    "hidden": false
  },
  "rewards": {
    "experience": 60
  },
  "criteria": {
    "in_ruins_land_hot": {
      "trigger": "minecraft:location",
      "conditions": {
        "player": [
          {
            "condition": "minecraft:entity_properties",
            "entity": "this",
            "predicate": {
              "location": {
                "structures": "repurposed_structures:ruins_land_hot"
              }
            }
          }
        ]
      }
    },
    "in_ruins_land_warm": {
      "trigger": "minecraft:location",
      "conditions": {
        "player": [
          {
            "condition": "minecraft:entity_properties",
            "entity": "this",
            "predicate": {
              "location": {
                "structures": "repurposed_structures:ruins_land_warm"
              }
            }
          }
        ]
      }
    },
    "in_ruins_land_cold": {
      "trigger": "minecraft:location",
      "conditions": {
        "player": [
          {
            "condition": "minecraft:entity_properties",
            "entity": "this",
            "predicate": {
              "location": {
                "structures": "repurposed_structures:ruins_land_cold"
              }
            }
          }
        ]
      }
    },
    "in_ruins_land_icy": {
      "trigger": "minecraft:location",
      "conditions": {
        "player": [
          {
            "condition": "minecraft:entity_properties",
            "entity": "this",
            "predicate": {
              "location": {
                "structures": "repurposed_structures:ruins_land_icy"
              }
            }
          }
        ]
      }
    },
    "in_ruins_nether": {
      "trigger": "minecraft:location",
      "conditions": {
        "player": [
          {
            "condition": "minecraft:entity_properties",
            "entity": "this",
            "predicate": {
              "location": {
                "structures": "repurposed_structures:ruins_nether"
              }
            }
          }
        ]
      }
    }
  },
  "requirements": [
    [
      "in_ruins_land_hot"
    ],
    [
      "in_ruins_land_warm"
    ],
    [
      "in_ruins_land_cold"
    ],
    [
      "in_ruins_land_icy"
    ],
    [
      "in_ruins_nether"
    ]
  ]
}