{
  "parent": "repurposed_structures:root",
  "display": {
    "icon": {
      "id": "minecraft:crying_obsidian"
    },
    "title": {
      "translate": "The Useless Portal"
    },
    "description": {
      "translate": "Find an End themed Ruined Portal!"
    },
    "show_toast": true,
    "announce_to_chat": true,
    "hidden": false
  },
  "rewards": {
    "experience": 50
  },
  "criteria": {
    "in_ruined_portal_end": {
      "trigger": "minecraft:location",
      "conditions": {
        "player": [
          {
            "condition": "minecraft:entity_properties",
            "entity": "this",
            "predicate": {
              "location": {
                "structures": "repurposed_structures:ruined_portal_end"
              }
            }
          }
        ]
      }
    }
  },
  "requirements": [
    [
      "in_ruined_portal_end"
    ]
  ]
}