{
  "parent": "repurposed_structures:root",
  "display": {
    "icon": {
      "id": "minecraft:arrow"
    },
    "title": {
      "translate": "Unanswered Prayers"
    },
    "description": {
      "translate": "Find all new Temples!"
    },
    "show_toast": true,
    "announce_to_chat": true,
    "hidden": false
  },
  "rewards": {
    "experience": 100
  },
  "criteria": {
    "in_temple_nether_basalt": {
      "trigger": "minecraft:location",
      "conditions": {
        "player": [
          {
            "condition": "minecraft:entity_properties",
            "entity": "this",
            "predicate": {
              "location": {
                "structures": "repurposed_structures:temple_nether_basalt"
              }
            }
          }
        ]
      }
    },
    "in_temple_nether_crimson": {
      "trigger": "minecraft:location",
      "conditions": {
        "player": [
          {
            "condition": "minecraft:entity_properties",
            "entity": "this",
            "predicate": {
              "location": {
                "structures": "repurposed_structures:temple_nether_crimson"
              }
            }
          }
        ]
      }
    },
    "in_temple_nether_soul": {
      "trigger": "minecraft:location",
      "conditions": {
        "player": [
          {
            "condition": "minecraft:entity_properties",
            "entity": "this",
            "predicate": {
              "location": {
                "structures": "repurposed_structures:temple_nether_soul"
              }
            }
          }
        ]
      }
    },
    "in_temple_nether_warped": {
      "trigger": "minecraft:location",
      "conditions": {
        "player": [
          {
            "condition": "minecraft:entity_properties",
            "entity": "this",
            "predicate": {
              "location": {
                "structures": "repurposed_structures:temple_nether_warped"
              }
            }
          }
        ]
      }
    },
    "in_temple_nether_wasteland": {
      "trigger": "minecraft:location",
      "conditions": {
        "player": [
          {
            "condition": "minecraft:entity_properties",
            "entity": "this",
            "predicate": {
              "location": {
                "structures": "repurposed_structures:temple_nether_wasteland"
              }
            }
          }
        ]
      }
    },
    "in_temple_taiga": {
      "trigger": "minecraft:location",
      "conditions": {
        "player": [
          {
            "condition": "minecraft:entity_properties",
            "entity": "this",
            "predicate": {
              "location": {
                "structures": "repurposed_structures:temple_taiga"
              }
            }
          }
        ]
      }
    },
    "in_temple_ocean": {
      "trigger": "minecraft:location",
      "conditions": {
        "player": [
          {
            "condition": "minecraft:entity_properties",
            "entity": "this",
            "predicate": {
              "location": {
                "structures": "repurposed_structures:temple_ocean"
              }
            }
          }
        ]
      }
    }
  },
  "requirements": [
    [
      "in_temple_nether_basalt"
    ],
    [
      "in_temple_nether_crimson"
    ],
    [
      "in_temple_nether_soul"
    ],
    [
      "in_temple_nether_warped"
    ],
    [
      "in_temple_nether_wasteland"
    ],
    [
      "in_temple_taiga"
    ],
    [
      "in_temple_ocean"
    ]
  ]
}