{
  "type": "minecraft:chest",
  "random_sequence": "repurposed_structures:chests",
  "pools": [
    {
      "rolls": 8,
      "entries": [
        {
          "name": "minecraft:copper_ingot",
          "type": "minecraft:item",
          "weight": 15,
          "functions": [
            {
              "function": "minecraft:set_count",
              "count": {
                "type": "minecraft:uniform",
                "min": 5.0,
                "max": 15.0
              },
              "add": false
            }
          ]
        },
        {
          "name": "minecraft:deepslate_copper_ore",
          "type": "minecraft:item",
          "weight": 10,
          "functions": [
            {
              "function": "minecraft:set_count",
              "count": {
                "type": "minecraft:uniform",
                "min": 10.0,
                "max": 20.0
              },
              "add": false
            }
          ]
        },
        {
          "name": "minecraft:raw_copper_block",
          "type": "minecraft:item",
          "weight": 8,
          "functions": [
            {
              "function": "minecraft:set_count",
              "count": {
                "type": "minecraft:uniform",
                "min": 4.0,
                "max": 9.0
              },
              "add": false
            }
          ]
        },
        {
          "name": "minecraft:weathered_copper",
          "type": "minecraft:item",
          "weight": 4,
          "functions": [
            {
              "function": "minecraft:set_count",
              "count": 4.0,
              "add": false
            }
          ]
        },
        {
          "name": "minecraft:diamond_sword",
          "type": "minecraft:item",
          "weight": 6,
          "functions": [
            {
              "function": "minecraft:set_damage",
              "damage": {
                "type": "minecraft:uniform",
                "min": 0.8,
                "max": 1.0
              },
              "add": false
            },
            {
              "function": "minecraft:enchant_randomly",
              "options": "#minecraft:on_random_loot"
            }
          ]
        },
        {
          "name": "minecraft:diamond_chestplate",
          "type": "minecraft:item",
          "weight": 6,
          "functions": [
            {
              "function": "minecraft:set_damage",
              "damage": {
                "type": "minecraft:uniform",
                "min": 0.8,
                "max": 1.0
              },
              "add": false
            },
            {
              "function": "minecraft:enchant_randomly",
              "options": "#minecraft:on_random_loot"
            }
          ]
        },
        {
          "name": "minecraft:diamond_helmet",
          "type": "minecraft:item",
          "weight": 6,
          "functions": [
            {
              "function": "minecraft:set_damage",
              "damage": {
                "type": "minecraft:uniform",
                "min": 0.8,
                "max": 1.0
              },
              "add": false
            },
            {
              "function": "minecraft:enchant_randomly",
              "options": "#minecraft:on_random_loot"
            }
          ]
        },
        {
          "name": "minecraft:diamond_leggings",
          "type": "minecraft:item",
          "weight": 6,
          "functions": [
            {
              "function": "minecraft:set_damage",
              "damage": {
                "type": "minecraft:uniform",
                "min": 0.8,
                "max": 1.0
              },
              "add": false
            },
            {
              "function": "minecraft:enchant_randomly",
              "options": "#minecraft:on_random_loot"
            }
          ]
        },
        {
          "name": "minecraft:diamond_boots",
          "type": "minecraft:item",
          "weight": 6,
          "functions": [
            {
              "function": "minecraft:set_damage",
              "damage": {
                "type": "minecraft:uniform",
                "min": 0.8,
                "max": 1.0
              },
              "add": false
            },
            {
              "function": "minecraft:enchant_randomly",
              "options": "#minecraft:on_random_loot"
            }
          ]
        },
        {
          "name": "minecraft:diamond_sword",
          "type": "minecraft:item",
          "weight": 6
        },
        {
          "name": "minecraft:diamond_chestplate",
          "type": "minecraft:item",
          "weight": 5
        },
        {
          "name": "minecraft:diamond_helmet",
          "type": "minecraft:item",
          "weight": 5
        },
        {
          "name": "minecraft:diamond_boots",
          "type": "minecraft:item",
          "weight": 5
        },
        {
          "name": "minecraft:diamond_leggings",
          "type": "minecraft:item",
          "weight": 5
        },
        {
          "name": "minecraft:diamond",
          "type": "minecraft:item",
          "weight": 5,
          "functions": [
            {
              "function": "minecraft:set_count",
              "count": {
                "type": "minecraft:uniform",
                "min": 2.0,
                "max": 6.0
              },
              "add": false
            }
          ]
        },
        {
          "name": "minecraft:enchanted_golden_apple",
          "type": "minecraft:item",
          "weight": 3,
          "functions": [
            {
              "function": "minecraft:set_count",
              "count": 1.0,
              "add": false
            }
          ]
        }
      ]
    },
    {
      "rolls": {
        "type": "minecraft:uniform",
        "min": 6.0,
        "max": 10.0
      },
      "bonus_rolls": 1.0,
      "entries": [
        {
          "name": "minecraft:tipped_arrow",
          "type": "minecraft:item",
          "weight": 1,
          "functions": [
            {
              "function": "minecraft:set_count",
              "count": {
                "min": 20.0,
                "max": 30.0,
                "type": "minecraft:uniform"
              }
            },
            {
              "function": "minecraft:set_potion",
              "id": "minecraft:harming"
            }
          ]
        },
        {
          "name": "minecraft:tipped_arrow",
          "type": "minecraft:item",
          "weight": 1,
          "functions": [
            {
              "function": "minecraft:set_count",
              "count": {
                "min": 20.0,
                "max": 30.0,
                "type": "minecraft:uniform"
              }
            },
            {
              "function": "minecraft:set_potion",
              "id": "minecraft:strong_harming"
            }
          ]
        },
        {
          "name": "minecraft:redstone_block",
          "type": "minecraft:item",
          "weight": 1,
          "functions": [
            {
              "function": "minecraft:set_count",
              "count": {
                "type": "minecraft:uniform",
                "min": 2.0,
                "max": 5.0
              },
              "add": false
            }
          ]
        },
        {
          "name": "minecraft:iron_block",
          "type": "minecraft:item",
          "weight": 1,
          "functions": [
            {
              "function": "minecraft:set_count",
              "count": {
                "type": "minecraft:uniform",
                "min": 1.0,
                "max": 5.0
              },
              "add": false
            }
          ]
        },
        {
          "name": "minecraft:redstone",
          "type": "minecraft:item",
          "weight": 1,
          "functions": [
            {
              "function": "minecraft:set_count",
              "count": {
                "type": "minecraft:uniform",
                "min": 17.0,
                "max": 33.0
              },
              "add": false
            }
          ]
        },
        {
          "name": "minecraft:iron_ingot",
          "type": "minecraft:item",
          "weight": 1,
          "functions": [
            {
              "function": "minecraft:set_count",
              "count": {
                "type": "minecraft:uniform",
                "min": 2.0,
                "max": 5.0
              },
              "add": false
            }
          ]
        },
        {
          "name": "minecraft:obsidian",
          "type": "minecraft:item",
          "weight": 1,
          "functions": [
            {
              "function": "minecraft:set_count",
              "count": {
                "type": "minecraft:uniform",
                "min": 3.0,
                "max": 5.0
              },
              "add": false
            }
          ]
        },
        {
          "name": "minecraft:amethyst_shard",
          "type": "minecraft:item",
          "weight": 1,
          "functions": [
            {
              "function": "minecraft:set_count",
              "count": {
                "type": "minecraft:uniform",
                "min": 10.0,
                "max": 20.0
              },
              "add": false
            }
          ]
        },
        {
          "name": "minecraft:deepslate_redstone_ore",
          "type": "minecraft:item",
          "weight": 1,
          "functions": [
            {
              "function": "minecraft:set_count",
              "count": {
                "type": "minecraft:uniform",
                "min": 5.0,
                "max": 11.0
              },
              "add": false
            }
          ]
        },
        {
          "name": "minecraft:bone_block",
          "type": "minecraft:item",
          "weight": 1,
          "functions": [
            {
              "function": "minecraft:set_count",
              "count": {
                "type": "minecraft:uniform",
                "min": 4.0,
                "max": 8.0
              },
              "add": false
            }
          ]
        }
      ]
    },
    {
      "rolls": 1,
      "bonus_rolls": 0.0,
      "entries": [
        {
          "type": "minecraft:empty",
          "weight": 11
        },
        {
          "type": "minecraft:item",
          "name": "minecraft:snout_armor_trim_smithing_template"
        }
      ]
    },
    {
      "rolls": 1,
      "bonus_rolls": 0.0,
      "entries": [
        {
          "type": "minecraft:item",
          "name": "minecraft:netherite_upgrade_smithing_template"
        }
      ]
    },
    {
      "rolls": 1,
      "entries": [
        {
          "type": "minecraft:loot_table",
          "value": "repurposed_structures:chests/lucky_pool"
        }
      ]
    },
    {
      "rolls": 0,
      "bonus_rolls": 1,
      "entries": [
        {
          "type": "minecraft:empty",
          "weight": 130
        },
        {
          "name": "minecraft:black_banner",
          "type": "minecraft:item",
          "weight": 30,
          "functions": [
            {
              "function": "minecraft:set_banner_pattern",
              "append": true,
              "patterns": [
                {
                  "pattern": "minecraft:cross",
                  "color": "white"
                },
                {
                  "pattern": "minecraft:cross",
                  "color": "black"
                },
                {
                  "pattern": "minecraft:curly_border",
                  "color": "white"
                },
                {
                  "pattern": "minecraft:curly_border",
                  "color": "black"
                },
                {
                  "pattern": "minecraft:border",
                  "color": "white"
                },
                {
                  "pattern": "minecraft:border",
                  "color": "white"
                },
                {
                  "pattern": "minecraft:rhombus",
                  "color": "light_gray"
                },
                {
                  "pattern": "minecraft:rhombus",
                  "color": "light_gray"
                },
                {
                  "pattern": "minecraft:rhombus",
                  "color": "black"
                },
                {
                  "pattern": "minecraft:border",
                  "color": "black"
                },
                {
                  "pattern": "minecraft:circle",
                  "color": "gray"
                },
                {
                  "pattern": "minecraft:circle",
                  "color": "black"
                }
              ]
            }
          ]
        },
        {
          "name": "minecraft:skeleton_skull",
          "type": "minecraft:item",
          "weight": 10
        }
      ]
    }
  ]
}