{
  "profession": "armorer",
  "trades": {
    "novice": [
      {
        "type": "numismatic-overhaul:buy_stack",
        "price": 240,
        "buy": {
          "item": "coal",
          "count": 24
        },
        "max_uses": 16,
        "villager_experience": 2
      },
      {
        "type": "numismatic-overhaul:sell_stack",
        "price": 60,
        "sell": {
          "item": "leather_helmet",
          "count": 1
        },
        "max_uses": 12,
        "villager_experience": 2
      },
      {
        "type": "numismatic-overhaul:sell_stack",
        "price": 80,
        "sell": {
          "item": "leather_chestplate",
          "count": 1
        },
        "max_uses": 12,
        "villager_experience": 2
      },
      {
        "type": "numismatic-overhaul:sell_stack",
        "price": 70,
        "sell": {
          "item": "leather_leggings",
          "count": 1
        },
        "max_uses": 12,
        "villager_experience": 2
      },
      {
        "type": "numismatic-overhaul:sell_stack",
        "price": 50,
        "sell": {
          "item": "leather_boots",
          "count": 1
        },
        "max_uses": 12,
        "villager_experience": 2
      }
    ],
    "apprentice": [
      {
        "type": "numismatic-overhaul:buy_stack",
        "price": 280,
        "buy": {
          "item": "iron_ingot",
          "count": 7
        },
        "max_uses": 12,
        "villager_experience": 5
      },
      {
        "type": "numismatic-overhaul:sell_stack",
        "price": 300,
        "sell": {
          "item": "chainmail_helmet",
          "count": 1
        },
        "max_uses": 8,
        "villager_experience": 5
      },
      {
        "type": "numismatic-overhaul:sell_stack",
        "price": 400,
        "sell": {
          "item": "chainmail_chestplate",
          "count": 1
        },
        "max_uses": 8,
        "villager_experience": 5
      },
      {
        "type": "numismatic-overhaul:sell_stack",
        "price": 350,
        "sell": {
          "item": "chainmail_leggings",
          "count": 1
        },
        "max_uses": 8,
        "villager_experience": 5
      },
      {
        "type": "numismatic-overhaul:sell_stack",
        "price": 280,
        "sell": {
          "item": "chainmail_boots",
          "count": 1
        },
        "max_uses": 8,
        "villager_experience": 5
      }
    ],
    "journeyman": [
      {
        "type": "numismatic-overhaul:sell_stack",
        "price": 600,
        "sell": {
          "item": "shield",
          "count": 1
        },
        "max_uses": 10,
        "villager_experience": 10
      },
      {
        "type": "numismatic-overhaul:sell_stack",
        "price": 1000,
        "sell": {
          "item": "iron_helmet",
          "count": 1
        },
        "max_uses": 8,
        "villager_experience": 15
      },
      {
        "type": "numismatic-overhaul:sell_stack",
        "price": 1200,
        "sell": {
          "item": "iron_chestplate",
          "count": 1
        },
        "max_uses": 8,
        "villager_experience": 15
      },
      {
        "type": "numismatic-overhaul:sell_stack",
        "price": 1100,
        "sell": {
          "item": "iron_leggings",
          "count": 1
        },
        "max_uses": 8,
        "villager_experience": 15
      },
      {
        "type": "numismatic-overhaul:sell_stack",
        "price": 900,
        "sell": {
          "item": "iron_boots",
          "count": 1
        },
        "max_uses": 8,
        "villager_experience": 15
      }
    ],
    "expert": [
      {
        "type": "numismatic-overhaul:buy_stack",
        "price": 3000,
        "buy": {
          "item": "diamond",
          "count": 1
        },
        "max_uses": 4,
        "villager_experience": 20
      },
      {
        "type": "numismatic-overhaul:enchant_item",
        "base_price": 1200,
        "allow_treasure": false,
        "level": 15,
        "item": {
          "item": "iron_helmet"
        },
        "max_uses": 5,
        "villager_experience": 20
      },
      {
        "type": "numismatic-overhaul:enchant_item",
        "base_price": 1400,
        "allow_treasure": false,
        "level": 15,
        "item": {
          "item": "iron_chestplate"
        },
        "max_uses": 5,
        "villager_experience": 20
      },
      {
        "type": "numismatic-overhaul:enchant_item",
        "base_price": 1800,
        "allow_treasure": false,
        "level": 20,
        "item": {
          "item": "diamond_helmet"
        },
        "max_uses": 4,
        "villager_experience": 25
      },
      {
        "type": "numismatic-overhaul:enchant_item",
        "base_price": 2000,
        "allow_treasure": false,
        "level": 20,
        "item": {
          "item": "diamond_leggings"
        },
        "max_uses": 4,
        "villager_experience": 25
      }
    ],
    "master": [
      {
        "type": "numismatic-overhaul:sell_stack",
        "price": 3200,
        "sell": {
          "item": "diamond_helmet",
          "count": 1
        },
        "max_uses": 4,
        "villager_experience": 25
      },
      {
        "type": "numismatic-overhaul:sell_stack",
        "price": 5000,
        "sell": {
          "item": "diamond_chestplate",
          "count": 1
        },
        "max_uses": 3,
        "villager_experience": 30
      },
      {
        "type": "numismatic-overhaul:sell_stack",
        "price": 4500,
        "sell": {
          "item": "diamond_leggings",
          "count": 1
        },
        "max_uses": 3,
        "villager_experience": 30
      },
      {
        "type": "numismatic-overhaul:sell_stack",
        "price": 3800,
        "sell": {
          "item": "diamond_boots",
          "count": 1
        },
        "max_uses": 3,
        "villager_experience": 30
      },
      {
        "type": "numismatic-overhaul:enchant_item",
        "base_price": 1900,
        "allow_treasure": false,
        "level": 20,
        "item": {
          "item": "diamond_boots"
        },
        "max_uses": 4,
        "villager_experience": 25
      },
      {
        "type": "numismatic-overhaul:enchant_item",
        "base_price": 2400,
        "allow_treasure": false,
        "level": 25,
        "item": {
          "item": "diamond_chestplate"
        },
        "max_uses": 3,
        "villager_experience": 40
      },
      {
        "type": "numismatic-overhaul:enchant_item",
        "base_price": 4000,
        "allow_treasure": true,
        "level": 30,
        "item": {
          "item": "diamond_chestplate"
        },
        "max_uses": 2,
        "villager_experience": 50
      }
    ]
  }
}