{
  "profession": "butcher",
  "trades": {
    "novice": [
      {
        "type": "numismatic-overhaul:buy_stack",
        "price": 30,
        "buy": {
          "item": "egg",
          "count": 12
        },
        "max_uses": 16,
        "villager_experience": 2
      },
      {
        "type": "numismatic-overhaul:buy_stack",
        "price": 20,
        "buy": {
          "item": "sweet_berries",
          "count": 8
        },
        "max_uses": 12,
        "villager_experience": 2
      },
      {
        "type": "numismatic-overhaul:buy_stack",
        "price": 32,
        "buy": {
          "item": "rabbit",
          "count": 6
        },
        "max_uses": 16,
        "villager_experience": 3
      }
    ],
    "apprentice": [
      {
        "type": "numismatic-overhaul:buy_stack",
        "price": 48,
        "buy": {
          "item": "chicken",
          "count": 6
        },
        "max_uses": 16,
        "villager_experience": 5
      },
      {
        "type": "numismatic-overhaul:buy_stack",
        "price": 56,
        "buy": {
          "item": "mutton",
          "count": 7
        },
        "max_uses": 16,
        "villager_experience": 5
      },
      {
        "type": "numismatic-overhaul:buy_stack",
        "price": 45,
        "buy": {
          "item": "milk_bucket",
          "count": 1
        },
        "max_uses": 12,
        "villager_experience": 4
      },
      {
        "type": "numismatic-overhaul:sell_stack",
        "price": 90,
        "sell": {
          "item": "campfire",
          "count": 1
        },
        "max_uses": 8,
        "villager_experience": 8
      }
    ],
    "journeyman": [
      {
        "type": "numismatic-overhaul:buy_stack",
        "price": 80,
        "buy": {
          "item": "porkchop",
          "count": 8
        },
        "max_uses": 16,
        "villager_experience": 6
      },
      {
        "type": "numismatic-overhaul:buy_stack",
        "price": 90,
        "buy": {
          "item": "beef",
          "count": 8
        },
        "max_uses": 16,
        "villager_experience": 6
      },
      {
        "type": "numismatic-overhaul:buy_stack",
        "price": 60,
        "buy": {
          "item": "salmon",
          "count": 8
        },
        "max_uses": 16,
        "villager_experience": 5
      },
      {
        "type": "numismatic-overhaul:buy_stack",
        "price": 48,
        "buy": {
          "item": "cod",
          "count": 8
        },
        "max_uses": 16,
        "villager_experience": 5
      },
      {
        "type": "numismatic-overhaul:sell_stack",
        "price": 140,
        "sell": {
          "item": "smoker",
          "count": 1
        },
        "max_uses": 6,
        "villager_experience": 10
      }
    ],
    "expert": [
      {
        "type": "numismatic-overhaul:sell_stack",
        "price": 84,
        "sell": {
          "item": "cooked_rabbit",
          "count": 4
        },
        "max_uses": 12,
        "villager_experience": 10
      },
      {
        "type": "numismatic-overhaul:sell_stack",
        "price": 108,
        "sell": {
          "item": "cooked_chicken",
          "count": 4
        },
        "max_uses": 12,
        "villager_experience": 10
      },
      {
        "type": "numismatic-overhaul:sell_stack",
        "price": 120,
        "sell": {
          "item": "cooked_mutton",
          "count": 4
        },
        "max_uses": 12,
        "villager_experience": 10
      },
      {
        "type": "numismatic-overhaul:sell_stack",
        "price": 100,
        "sell": {
          "item": "cooked_salmon",
          "count": 4
        },
        "max_uses": 12,
        "villager_experience": 10
      },
      {
        "type": "numismatic-overhaul:sell_stack",
        "price": 80,
        "sell": {
          "item": "cooked_cod",
          "count": 4
        },
        "max_uses": 12,
        "villager_experience": 10
      },
      {
        "type": "numismatic-overhaul:sell_stack",
        "price": 140,
        "sell": {
          "item": "rabbit_stew",
          "count": 2
        },
        "max_uses": 8,
        "villager_experience": 12
      }
    ],
    "master": [
      {
        "type": "numismatic-overhaul:sell_stack",
        "price": 160,
        "sell": {
          "item": "cooked_porkchop",
          "count": 4
        },
        "max_uses": 12,
        "villager_experience": 12
      },
      {
        "type": "numismatic-overhaul:sell_stack",
        "price": 180,
        "sell": {
          "item": "cooked_beef",
          "count": 4
        },
        "max_uses": 12,
        "villager_experience": 12
      },
      {
        "type": "numismatic-overhaul:sell_stack",
        "price": 200,
        "sell": {
          "item": "suspicious_stew",
          "count": 3
        },
        "max_uses": 6,
        "villager_experience": 15
      },
      {
        "type": "numismatic-overhaul:sell_stack",
        "price": 900,
        "sell": {
          "item": "golden_carrot",
          "count": 3
        },
        "max_uses": 3,
        "villager_experience": 18
      },
      {
        "type": "numismatic-overhaul:sell_stack",
        "price": 2000,
        "sell": {
          "item": "golden_apple",
          "count": 1
        },
        "max_uses": 2,
        "villager_experience": 25
      }
    ]
  }
}