{
  "profession": "cartographer",
  "trades": {
    "novice": [
      {
        "type": "numismatic-overhaul:buy_stack",
        "price": 54,
        "buy": {
          "item": "paper",
          "count": 24
        },
        "max_uses": 16,
        "villager_experience": 2
      },
      {
        "type": "numismatic-overhaul:sell_stack",
        "price": 80,
        "sell": {
          "item": "map",
          "count": 1
        },
        "max_uses": 9,
        "villager_experience": 8
      }
    ],
    "apprentice": [
      {
        "type": "numismatic-overhaul:buy_stack",
        "price": 60,
        "buy": {
          "item": "glass_pane",
          "count": 12
        },
        "max_uses": 16,
        "villager_experience": 2
      },
      {
        "type": "numismatic-overhaul:sell_stack",
        "price": 400,
        "sell": {
          "item": "spyglass",
          "count": 1
        },
        "max_uses": 8,
        "villager_experience": 10
      },
      {
        "type": "numismatic-overhaul:sell_stack",
        "price": 320,
        "sell": {
          "item": "recovery_compass",
          "count": 1
        },
        "max_uses": 6,
        "villager_experience": 12
      }
    ],
    "journeyman": [
      {
        "type": "numismatic-overhaul:buy_stack",
        "price": 800,
        "buy": {
          "item": "compass",
          "count": 1
        },
        "max_uses": 12,
        "villager_experience": 5
      },
      {
        "type": "numismatic-overhaul:sell_stack",
        "price": 180,
        "sell": {
          "item": "book",
          "count": 3
        },
        "max_uses": 12,
        "villager_experience": 10
      },
      {
        "type": "numismatic-overhaul:sell_stack",
        "price": 900,
        "sell": {
          "item": "clock",
          "count": 1
        },
        "max_uses": 8,
        "villager_experience": 12
      },
      {
        "type": "numismatic-overhaul:buy_stack",
        "price": 480,
        "buy": {
          "item": "leather",
          "count": 8
        },
        "max_uses": 10,
        "villager_experience": 5
      }
    ],
    "expert": [
      {
        "type": "numismatic-overhaul:sell_stack",
        "price": 4000,
        "sell": {
          "item": "item_frame",
          "count": 4
        },
        "max_uses": 5,
        "villager_experience": 15
      },
      {
        "type": "numismatic-overhaul:sell_stack",
        "price": 4500,
        "sell": {
          "item": "glow_item_frame",
          "count": 3
        },
        "max_uses": 4,
        "villager_experience": 18
      },
      {
        "type": "numismatic-overhaul:sell_stack",
        "price": 5000,
        "sell": {
          "item": "explorerscompass:explorerscompass",
          "count": 1
        },
        "max_uses": 3,
        "villager_experience": 20
      },
      {
        "type": "numismatic-overhaul:sell_stack",
        "price": 5000,
        "sell": {
          "item": "naturescompass:naturescompass",
          "count": 1
        },
        "max_uses": 3,
        "villager_experience": 20
      },
      {
        "type": "numismatic-overhaul:sell_tag",
        "price": 5400,
        "sell": {
          "tag": "numismatic-overhaul:banners",
          "count": 3
        },
        "max_uses": 8,
        "villager_experience": 15
      }
    ],
    "master": [
      {
        "type": "numismatic-overhaul:sell_stack",
        "price": 25000,
        "sell": {
          "item": "flower_banner_pattern",
          "count": 1
        },
        "max_uses": 3,
        "villager_experience": 25
      },
      {
        "type": "numismatic-overhaul:sell_stack",
        "price": 25000,
        "sell": {
          "item": "globe_banner_pattern",
          "count": 1
        },
        "max_uses": 3,
        "villager_experience": 25
      },
      {
        "type": "numismatic-overhaul:sell_stack",
        "price": 100000,
        "sell": {
          "item": "mojang_banner_pattern",
          "count": 1
        },
        "max_uses": 1,
        "villager_experience": 30
      }
    ]
  }
}