{
  "profession": "cartographer",
  "trades": {
    "novice": [
      {
        "type": "numismatic-overhaul:buy_stack",
        "price": 96,
        "buy": {
          "item": "paper",
          "count": 24
        },
        "max_uses": 16
      },
      {
        "type": "numismatic-overhaul:sell_stack",
        "price": 80,
        "sell": {
          "item": "map",
          "count": 1
        },
        "max_uses": 9,
        "villager_experience": 8
      }
    ],
    "apprentice": [
      {
        "type": "numismatic-overhaul:buy_stack",
        "price": 60,
        "buy": {
          "item": "glass_pane",
          "count": 12
        },
        "max_uses": 16
      },
      {
        "type": "numismatic-overhaul:sell_map",
        "price": 2500,
        "structure": "monument",
        "max_uses": 3,
        "villager_experience": 12
      }
    ],
    "journeyman": [
      {
        "type": "numismatic-overhaul:buy_stack",
        "price": 800,
        "buy": {
          "item": "compass",
          "count": 1
        }
      },
      {
        "type": "numismatic-overhaul:sell_map",
        "price": 8000,
        "structure": "mansion",
        "max_uses": 2,
        "villager_experience": 15
      },
      {
        "type": "numismatic-overhaul:sell_map",
        "price": 15000,
        "structure": "end_city",
        "max_uses": 2,
        "villager_experience": 20
      }
    ],
    "expert": [
      {
        "type": "numismatic-overhaul:sell_stack",
        "price": 4000,
        "sell": {
          "item": "item_frame",
          "count": 4
        },
        "max_uses": 5,
        "villager_experience": 15
      },
      {
        "type": "numismatic-overhaul:sell_stack",
        "price": 4500,
        "sell": {
          "item": "glow_item_frame",
          "count": 3
        },
        "max_uses": 4,
        "villager_experience": 18
      },
      {
        "type": "numismatic-overhaul:sell_stack",
        "price": 5000,
        "sell": {
          "item": "explorerscompass:explorerscompass",
          "count": 1
        },
        "max_uses": 3,
        "villager_experience": 20
      },
      {
        "type": "numismatic-overhaul:sell_stack",
        "price": 5000,
        "sell": {
          "item": "naturescompass:naturescompass",
          "count": 1
        },
        "max_uses": 3,
        "villager_experience": 20
      },
      {
        "type": "numismatic-overhaul:sell_tag",
        "price": 5400,
        "sell": {
          "tag": "numismatic-overhaul:banners",
          "count": 3
        },
        "villager_experience": 15
      }
    ],
    "master": [
      {
        "type": "numismatic-overhaul:sell_stack",
        "price": 25000,
        "sell": {
          "item": "flower_banner_pattern",
          "count": 1
        },
        "villager_experience": 25
      },
      {
        "type": "numismatic-overhaul:sell_stack",
        "price": 25000,
        "sell": {
          "item": "globe_banner_pattern",
          "count": 1
        },
        "villager_experience": 25
      },
      {
        "type": "numismatic-overhaul:sell_stack",
        "price": 100000,
        "sell": {
          "item": "mojang_banner_pattern",
          "count": 1
        },
        "villager_experience": 30
      }
    ]
  }
}