{
  "profession": "cleric",
  "trades": {
    "novice": [
      {
        "type": "numismatic-overhaul:buy_stack",
        "price": 90,
        "buy": {
          "item": "rotten_flesh",
          "count": 30
        },
        "max_uses": 16,
        "villager_experience": 2
      },
      {
        "type": "numismatic-overhaul:sell_stack",
        "price": 120,
        "sell": {
          "item": "redstone",
          "count": 4
        },
        "villager_experience": 1
      }
    ],
    "apprentice": [
      {
        "type": "numismatic-overhaul:buy_stack",
        "price": 240,
        "buy": {
          "item": "gold_ingot",
          "count": 3
        },
        "villager_experience": 5
      },
      {
        "type": "numismatic-overhaul:sell_stack",
        "price": 900,
        "sell": {
          "item": "lapis_lazuli",
          "count": 3
        },
        "villager_experience": 10
      }
    ],
    "journeyman": [
      {
        "type": "numismatic-overhaul:buy_stack",
        "price": 500,
        "buy": {
          "item": "rabbit_foot",
          "count": 2
        },
        "villager_experience": 10
      },
      {
        "type": "numismatic-overhaul:sell_stack",
        "price": 1200,
        "sell": {
          "item": "glowstone_dust",
          "count": 3
        },
        "villager_experience": 15
      },
      {
        "type": "numismatic-overhaul:dimension_sell_stack",
        "price": 800,
        "dimension": "the_nether",
        "sell": {
          "item": "glowstone_dust",
          "count": 4
        },
        "villager_experience": 15
      }
    ],
    "expert": [
      {
        "type": "numismatic-overhaul:buy_stack",
        "price": 1800,
        "buy": {
          "item": "glass_bottle",
          "count": 6
        },
        "villager_experience": 15
      },
      {
        "type": "numismatic-overhaul:buy_stack",
        "price": 800,
        "buy": {
          "item": "ghast_tear",
          "count": 1
        },
        "villager_experience": 20
      },
      {
        "type": "numismatic-overhaul:sell_stack",
        "price": 3000,
        "sell": {
          "item": "ender_pearl",
          "count": 3
        },
        "max_uses": 7,
        "villager_experience": 30
      }
    ],
    "master": [
      {
        "type": "numismatic-overhaul:buy_stack",
        "price": 3200,
        "buy": {
          "item": "nether_wart",
          "count": 8
        },
        "max_uses": 8,
        "villager_experience": 30
      },
      {
        "type": "numismatic-overhaul:sell_stack",
        "price": 2400,
        "sell": {
          "item": "experience_bottle",
          "count": 4
        },
        "max_uses": 8,
        "villager_experience": 30
      },
      {
        "type": "numismatic-overhaul:sell_stack",
        "price": 100000,
        "sell": {
          "item": "endrem:evil_eye",
          "count": 1
        },
        "max_uses": 1,
        "villager_experience": 50
      }
    ]
  }
}