{
  "profession": "farmer",
  "trades": {
    "novice": [
      {
        "type": "numismatic-overhaul:buy_stack",
        "price": 32,
        "buy": {
          "item": "wheat",
          "count": 16
        },
        "max_uses": 16,
        "villager_experience": 2
      },
      {
        "type": "numismatic-overhaul:buy_stack",
        "price": 30,
        "buy": {
          "item": "potato",
          "count": 20
        },
        "max_uses": 16,
        "villager_experience": 2
      },
      {
        "type": "numismatic-overhaul:buy_stack",
        "price": 30,
        "buy": {
          "item": "carrot",
          "count": 20
        },
        "max_uses": 16,
        "villager_experience": 2
      },
      {
        "type": "numismatic-overhaul:buy_stack",
        "price": 36,
        "buy": {
          "item": "beetroot",
          "count": 18
        },
        "max_uses": 16,
        "villager_experience": 2
      },
      {
        "type": "numismatic-overhaul:sell_stack",
        "price": 60,
        "sell": {
          "item": "bread",
          "count": 4
        },
        "max_uses": 12,
        "villager_experience": 5
      }
    ],
    "apprentice": [
      {
        "type": "numismatic-overhaul:buy_stack",
        "price": 80,
        "buy": {
          "item": "pumpkin",
          "count": 8
        },
        "max_uses": 12,
        "villager_experience": 5
      },
      {
        "type": "numismatic-overhaul:buy_stack",
        "price": 60,
        "buy": {
          "item": "melon",
          "count": 6
        },
        "max_uses": 12,
        "villager_experience": 4
      },
      {
        "type": "numismatic-overhaul:sell_stack",
        "price": 90,
        "sell": {
          "item": "baked_potato",
          "count": 6
        },
        "max_uses": 10,
        "villager_experience": 6
      },
      {
        "type": "numismatic-overhaul:sell_stack",
        "price": 120,
        "sell": {
          "item": "pumpkin_pie",
          "count": 3
        },
        "max_uses": 8,
        "villager_experience": 8
      }
    ],
    "journeyman": [
      {
        "type": "numismatic-overhaul:buy_stack",
        "price": 120,
        "buy": {
          "item": "sugar_cane",
          "count": 16
        },
        "max_uses": 12,
        "villager_experience": 6
      },
      {
        "type": "numismatic-overhaul:buy_stack",
        "price": 80,
        "buy": {
          "item": "cocoa_beans",
          "count": 12
        },
        "max_uses": 10,
        "villager_experience": 6
      },
      {
        "type": "numismatic-overhaul:sell_stack",
        "price": 180,
        "sell": {
          "item": "cookie",
          "count": 12
        },
        "max_uses": 10,
        "villager_experience": 10
      },
      {
        "type": "numismatic-overhaul:sell_stack",
        "price": 200,
        "sell": {
          "item": "apple",
          "count": 4
        },
        "max_uses": 8,
        "villager_experience": 10
      }
    ],
    "expert": [
      {
        "type": "numismatic-overhaul:sell_stack",
        "price": 400,
        "sell": {
          "item": "cake",
          "count": 1
        },
        "max_uses": 4,
        "villager_experience": 15
      },
      {
        "type": "numismatic-overhaul:sell_sus_stew",
        "price": 300,
        "effect_id": "saturation",
        "duration": 7,
        "max_uses": 6,
        "villager_experience": 12
      },
      {
        "type": "numismatic-overhaul:sell_sus_stew",
        "price": 400,
        "effect_id": "regeneration",
        "duration": 160,
        "max_uses": 5,
        "villager_experience": 12
      },
      {
        "type": "numismatic-overhaul:sell_sus_stew",
        "price": 500,
        "effect_id": "fire_resistance",
        "duration": 80,
        "max_uses": 4,
        "villager_experience": 12
      },
      {
        "type": "numismatic-overhaul:sell_sus_stew",
        "price": 350,
        "effect_id": "night_vision",
        "duration": 100,
        "max_uses": 5,
        "villager_experience": 12
      },
      {
        "type": "numismatic-overhaul:sell_sus_stew",
        "price": 250,
        "effect_id": "jump_boost",
        "duration": 120,
        "max_uses": 6,
        "villager_experience": 10
      }
    ],
    "master": [
      {
        "type": "numismatic-overhaul:sell_sus_stew",
        "price": 150,
        "effect_id": "poison",
        "duration": 240,
        "max_uses": 4,
        "villager_experience": 8
      },
      {
        "type": "numismatic-overhaul:sell_sus_stew",
        "price": 200,
        "effect_id": "weakness",
        "duration": 180,
        "max_uses": 4,
        "villager_experience": 8
      },
      {
        "type": "numismatic-overhaul:sell_sus_stew",
        "price": 180,
        "effect_id": "blindness",
        "duration": 160,
        "max_uses": 4,
        "villager_experience": 8
      },
      {
        "type": "numismatic-overhaul:sell_sus_stew",
        "price": 800,
        "effect_id": "wither",
        "duration": 160,
        "max_uses": 2,
        "villager_experience": 15
      },
      {
        "type": "numismatic-overhaul:sell_stack",
        "price": 900,
        "sell": {
          "item": "golden_carrot",
          "count": 3
        },
        "max_uses": 3,
        "villager_experience": 18
      },
      {
        "type": "numismatic-overhaul:sell_stack",
        "price": 800,
        "sell": {
          "item": "glistering_melon_slice",
          "count": 4
        },
        "max_uses": 3,
        "villager_experience": 15
      }
    ]
  }
}