{
  "profession": "fisherman",
  "trades": {
    "novice": [
      {
        "type": "numismatic-overhaul:buy_stack",
        "price": 60,
        "buy": {
          "item": "string",
          "count": 20
        },
        "max_uses": 16,
        "villager_experience": 2
      },
      {
        "type": "numismatic-overhaul:buy_stack",
        "price": 40,
        "buy": {
          "item": "kelp",
          "count": 20
        },
        "max_uses": 16,
        "villager_experience": 2
      },
      {
        "type": "numismatic-overhaul:buy_stack",
        "price": 48,
        "buy": {
          "item": "cod",
          "count": 8
        },
        "max_uses": 16,
        "villager_experience": 3
      },
      {
        "type": "numismatic-overhaul:sell_stack",
        "price": 90,
        "sell": {
          "item": "dried_kelp_block",
          "count": 3
        },
        "max_uses": 12,
        "villager_experience": 5
      }
    ],
    "apprentice": [
      {
        "type": "numismatic-overhaul:buy_stack",
        "price": 60,
        "buy": {
          "item": "salmon",
          "count": 8
        },
        "max_uses": 16,
        "villager_experience": 4
      },
      {
        "type": "numismatic-overhaul:buy_stack",
        "price": 80,
        "buy": {
          "item": "tropical_fish",
          "count": 4
        },
        "max_uses": 12,
        "villager_experience": 5
      },
      {
        "type": "numismatic-overhaul:sell_stack",
        "price": 80,
        "sell": {
          "item": "cooked_cod",
          "count": 4
        },
        "max_uses": 12,
        "villager_experience": 8
      },
      {
        "type": "numismatic-overhaul:sell_stack",
        "price": 100,
        "sell": {
          "item": "cooked_salmon",
          "count": 4
        },
        "max_uses": 12,
        "villager_experience": 8
      }
    ],
    "journeyman": [
      {
        "type": "numismatic-overhaul:buy_stack",
        "price": 200,
        "buy": {
          "item": "pufferfish",
          "count": 4
        },
        "max_uses": 10,
        "villager_experience": 8
      },
      {
        "type": "numismatic-overhaul:buy_stack",
        "price": 150,
        "buy": {
          "item": "ink_sac",
          "count": 12
        },
        "max_uses": 12,
        "villager_experience": 6
      },
      {
        "type": "numismatic-overhaul:sell_stack",
        "price": 200,
        "sell": {
          "item": "fishing_rod",
          "count": 1
        },
        "max_uses": 8,
        "villager_experience": 10
      },
      {
        "type": "numismatic-overhaul:sell_stack",
        "price": 180,
        "sell": {
          "item": "bucket",
          "count": 1
        },
        "max_uses": 10,
        "villager_experience": 8
      }
    ],
    "expert": [
      {
        "type": "numismatic-overhaul:buy_stack",
        "price": 300,
        "buy": {
          "item": "nautilus_shell",
          "count": 2
        },
        "max_uses": 6,
        "villager_experience": 12
      },
      {
        "type": "numismatic-overhaul:sell_stack",
        "price": 400,
        "sell": {
          "item": "cod_bucket",
          "count": 1
        },
        "max_uses": 6,
        "villager_experience": 12
      },
      {
        "type": "numismatic-overhaul:sell_stack",
        "price": 450,
        "sell": {
          "item": "salmon_bucket",
          "count": 1
        },
        "max_uses": 6,
        "villager_experience": 12
      },
      {
        "type": "numismatic-overhaul:sell_tag",
        "price": 300,
        "sell": {
          "tag": "minecraft:boats",
          "count": 1
        },
        "max_uses": 8,
        "villager_experience": 10
      },
      {
        "type": "numismatic-overhaul:sell_stack",
        "price": 600,
        "sell": {
          "item": "prismarine",
          "count": 8
        },
        "max_uses": 6,
        "villager_experience": 12
      }
    ],
    "master": [
      {
        "type": "numismatic-overhaul:sell_stack",
        "price": 800,
        "sell": {
          "item": "prismarine_bricks",
          "count": 6
        },
        "max_uses": 5,
        "villager_experience": 15
      },
      {
        "type": "numismatic-overhaul:sell_stack",
        "price": 1200,
        "sell": {
          "item": "dark_prismarine",
          "count": 4
        },
        "max_uses": 4,
        "villager_experience": 15
      },
      {
        "type": "numismatic-overhaul:sell_stack",
        "price": 2000,
        "sell": {
          "item": "sea_lantern",
          "count": 3
        },
        "max_uses": 3,
        "villager_experience": 18
      },
      {
        "type": "numismatic-overhaul:sell_stack",
        "price": 1500,
        "sell": {
          "item": "heart_of_the_sea",
          "count": 1
        },
        "max_uses": 2,
        "villager_experience": 20
      },
      {
        "type": "numismatic-overhaul:enchant_item",
        "base_price": 800,
        "allow_treasure": true,
        "level": 30,
        "item": {
          "item": "fishing_rod"
        },
        "max_uses": 3,
        "villager_experience": 25
      }
    ]
  }
}