{
  "profession": "fletcher",
  "trades": {
    "novice": [
      {
        "type": "numismatic-overhaul:buy_stack",
        "price": 32,
        "buy": {
          "item": "stick",
          "count": 32
        },
        "max_uses": 16,
        "villager_experience": 2
      },
      {
        "type": "numismatic-overhaul:buy_stack",
        "price": 50,
        "buy": {
          "item": "flint",
          "count": 10
        },
        "max_uses": 12,
        "villager_experience": 2
      },
      {
        "type": "numismatic-overhaul:sell_stack",
        "price": 96,
        "sell": {
          "item": "arrow",
          "count": 16
        },
        "villager_experience": 1
      }
    ],
    "apprentice": [
      {
        "type": "numismatic-overhaul:buy_stack",
        "price": 64,
        "buy": {
          "item": "string",
          "count": 16
        },
        "max_uses": 12,
        "villager_experience": 5
      },
      {
        "type": "numismatic-overhaul:sell_stack",
        "price": 800,
        "sell": {
          "item": "bow",
          "count": 1
        },
        "max_uses": 12,
        "villager_experience": 10
      },
      {
        "type": "numismatic-overhaul:process_item",
        "price": 120,
        "buy": {
          "item": "gravel",
          "count": 10
        },
        "sell": {
          "item": "flint",
          "count": 8
        },
        "max_uses": 16,
        "villager_experience": 5
      }
    ],
    "journeyman": [
      {
        "type": "numismatic-overhaul:buy_stack",
        "price": 150,
        "buy": {
          "item": "feather",
          "count": 15
        },
        "max_uses": 8,
        "villager_experience": 10
      },
      {
        "type": "numismatic-overhaul:sell_stack",
        "price": 1200,
        "sell": {
          "item": "crossbow",
          "count": 1
        },
        "max_uses": 8,
        "villager_experience": 15
      },
      {
        "type": "numismatic-overhaul:sell_stack",
        "price": 320,
        "sell": {
          "item": "spectral_arrow",
          "count": 8
        },
        "max_uses": 6,
        "villager_experience": 10
      }
    ],
    "expert": [
      {
        "type": "numismatic-overhaul:sell_stack",
        "price": 600,
        "sell": {
          "item": "tripwire_hook",
          "count": 4
        },
        "max_uses": 6,
        "villager_experience": 15
      },
      {
        "type": "numismatic-overhaul:enchant_item",
        "base_price": 300,
        "allow_treasure": false,
        "level": 10,
        "item": {
          "item": "bow"
        },
        "max_uses": 5,
        "villager_experience": 15
      },
      {
        "type": "numismatic-overhaul:enchant_item",
        "base_price": 400,
        "allow_treasure": false,
        "level": 15,
        "item": {
          "item": "crossbow"
        },
        "max_uses": 4,
        "villager_experience": 20
      },
      {
        "type": "numismatic-overhaul:sell_potion_container",
        "price": 800,
        "buy_item": {
          "item": "arrow",
          "count": 8
        },
        "container_item": {
          "item": "tipped_arrow",
          "count": 8
        },
        "max_uses": 8,
        "villager_experience": 15
      }
    ],
    "master": [
      {
        "type": "numismatic-overhaul:enchant_item",
        "base_price": 600,
        "allow_treasure": false,
        "level": 20,
        "item": {
          "item": "bow"
        },
        "max_uses": 4,
        "villager_experience": 30
      },
      {
        "type": "numismatic-overhaul:enchant_item",
        "base_price": 800,
        "allow_treasure": true,
        "level": 25,
        "item": {
          "item": "bow"
        },
        "max_uses": 3,
        "villager_experience": 40
      },
      {
        "type": "numismatic-overhaul:enchant_item",
        "base_price": 700,
        "allow_treasure": false,
        "level": 20,
        "item": {
          "item": "crossbow"
        },
        "max_uses": 4,
        "villager_experience": 30
      },
      {
        "type": "numismatic-overhaul:enchant_item",
        "base_price": 1000,
        "allow_treasure": true,
        "level": 30,
        "item": {
          "item": "crossbow"
        },
        "max_uses": 2,
        "villager_experience": 50
      },
      {
        "type": "numismatic-overhaul:sell_potion_container",
        "price": 1200,
        "buy_item": {
          "item": "spectral_arrow",
          "count": 4
        },
        "container_item": {
          "item": "tipped_arrow",
          "count": 8
        },
        "max_uses": 6,
        "villager_experience": 25
      }
    ]
  }
}