{
  "profession": "leatherworker",
  "trades": {
    "novice": [
      {
        "type": "numismatic-overhaul:buy_stack",
        "price": 120,
        "buy": {
          "item": "leather",
          "count": 8
        },
        "max_uses": 16
      },
      {
        "type": "numismatic-overhaul:sell_stack",
        "price": 80,
        "sell": {
          "item": "item_frame",
          "count": 1
        },
        "max_uses": 16,
        "villager_experience": 5
      },
      {
        "type": "numismatic-overhaul:sell_dyed_armor",
        "price": 130,
        "item": "leather_helmet",
        "max_uses": 12,
        "villager_experience": 8
      }
    ],
    "apprentice": [
      {
        "type": "numismatic-overhaul:buy_stack",
        "price": 320,
        "buy": {
          "item": "rabbit_hide",
          "count": 4
        },
        "max_uses": 12
      },
      {
        "type": "numismatic-overhaul:sell_dyed_armor",
        "price": 190,
        "item": "leather_boots",
        "max_uses": 12,
        "villager_experience": 8
      },
      {
        "type": "numismatic-overhaul:sell_stack",
        "price": 240,
        "sell": {
          "item": "painting",
          "count": 1
        },
        "max_uses": 12,
        "villager_experience": 10
      }
    ],
    "journeyman": [
      {
        "type": "numismatic-overhaul:sell_dyed_armor",
        "price": 450,
        "item": "leather_leggings",
        "max_uses": 10,
        "villager_experience": 12
      },
      {
        "type": "numismatic-overhaul:sell_dyed_armor",
        "price": 650,
        "item": "leather_chestplate",
        "max_uses": 10,
        "villager_experience": 15
      }
    ],
    "expert": [
      {
        "type": "numismatic-overhaul:sell_stack",
        "price": 900,
        "sell": {
          "item": "turtle_scute",
          "count": 1
        },
        "max_uses": 8,
        "villager_experience": 15
      },
      {
        "type": "numismatic-overhaul:sell_stack",
        "price": 1500,
        "sell": {
          "item": "leather_horse_armor",
          "count": 1
        },
        "max_uses": 6,
        "villager_experience": 18
      }
    ],
    "master": [
      {
        "type": "numismatic-overhaul:sell_stack",
        "price": 3200,
        "sell": {
          "item": "saddle",
          "count": 1
        },
        "max_uses": 4,
        "villager_experience": 25
      },
      {
        "type": "numismatic-overhaul:sell_stack",
        "price": 4500,
        "sell": {
          "item": "lead",
          "count": 1
        },
        "max_uses": 6,
        "villager_experience": 20
      }
    ]
  }
}