{
  "profession": "librarian",
  "trades": {
    "novice": [
      {
        "type": "numismatic-overhaul:buy_stack",
        "price": 45,
        "buy": {
          "item": "paper",
          "count": 20
        }
      },
      {
        "type": "numismatic-overhaul:buy_stack",
        "price": 100,
        "buy": {
          "item": "bookshelf",
          "count": 10
        },
        "max_uses": 10,
        "villager_experience": 6
      },
      {
        "type": "numismatic-overhaul:sell_stack",
        "price": 400,
        "sell": {
          "item": "betterenchanting:essence_of_building",
          "count": 1
        },
        "max_uses": 5,
        "villager_experience": 8
      },
      {
        "type": "numismatic-overhaul:sell_stack",
        "price": 450,
        "sell": {
          "item": "betterenchanting:essence_of_loyalty",
          "count": 1
        },
        "max_uses": 5,
        "villager_experience": 8
      },
      {
        "type": "numismatic-overhaul:sell_stack",
        "price": 500,
        "sell": {
          "item": "betterenchanting:essence_of_riptide",
          "count": 1
        },
        "max_uses": 5,
        "villager_experience": 8
      },
      {
        "type": "numismatic-overhaul:sell_stack",
        "price": 550,
        "sell": {
          "item": "betterenchanting:essence_of_impaling",
          "count": 1
        },
        "max_uses": 5,
        "villager_experience": 8
      },
      {
        "type": "numismatic-overhaul:sell_stack",
        "price": 600,
        "sell": {
          "item": "betterenchanting:essence_of_channeling",
          "count": 1
        },
        "max_uses": 5,
        "villager_experience": 8
      }
    ],
    "apprentice": [
      {
        "type": "numismatic-overhaul:buy_stack",
        "price": 60,
        "buy": {
          "item": "book",
          "count": 3
        }
      },
      {
        "type": "numismatic-overhaul:sell_stack",
        "price": 650,
        "sell": {
          "item": "betterenchanting:essence_of_sea",
          "count": 1
        },
        "max_uses": 5,
        "villager_experience": 8
      },
      {
        "type": "numismatic-overhaul:sell_stack",
        "price": 700,
        "sell": {
          "item": "betterenchanting:essence_of_sea_luck",
          "count": 1
        },
        "max_uses": 5,
        "villager_experience": 8
      },
      {
        "type": "numismatic-overhaul:sell_stack",
        "price": 750,
        "sell": {
          "item": "betterenchanting:essence_of_respiration",
          "count": 1
        },
        "max_uses": 5,
        "villager_experience": 8
      },
      {
        "type": "numismatic-overhaul:sell_stack",
        "price": 800,
        "sell": {
          "item": "betterenchanting:essence_of_lure",
          "count": 1
        },
        "max_uses": 5,
        "villager_experience": 8
      },
      {
        "type": "numismatic-overhaul:sell_stack",
        "price": 850,
        "sell": {
          "item": "betterenchanting:essence_of_piercing",
          "count": 1
        },
        "max_uses": 5,
        "villager_experience": 8
      },
      {
        "type": "numismatic-overhaul:sell_stack",
        "price": 900,
        "sell": {
          "item": "betterenchanting:essence_of_efficiency",
          "count": 1
        },
        "max_uses": 5,
        "villager_experience": 8
      }
    ],
    "journeyman": [
      {
        "type": "numismatic-overhaul:buy_stack",
        "price": 200,
        "buy": {
          "item": "ink_sac",
          "count": 4
        }
      },
      {
        "type": "numismatic-overhaul:sell_stack",
        "price": 640,
        "sell": {
          "item": "glass",
          "count": 10
        }
      },
      {
        "type": "numismatic-overhaul:sell_stack",
        "price": 950,
        "sell": {
          "item": "betterenchanting:essence_of_foraging",
          "count": 1
        },
        "max_uses": 4,
        "villager_experience": 8
      },
      {
        "type": "numismatic-overhaul:sell_stack",
        "price": 1000,
        "sell": {
          "item": "betterenchanting:essence_of_sight",
          "count": 1
        },
        "max_uses": 4,
        "villager_experience": 8
      },
      {
        "type": "numismatic-overhaul:sell_stack",
        "price": 1050,
        "sell": {
          "item": "betterenchanting:essence_of_projectile_protection",
          "count": 1
        },
        "max_uses": 4,
        "villager_experience": 8
      },
      {
        "type": "numismatic-overhaul:sell_stack",
        "price": 1100,
        "sell": {
          "item": "betterenchanting:essence_of_fear",
          "count": 1
        },
        "max_uses": 4,
        "villager_experience": 8
      },
      {
        "type": "numismatic-overhaul:sell_stack",
        "price": 1150,
        "sell": {
          "item": "betterenchanting:essence_of_ice",
          "count": 1
        },
        "max_uses": 4,
        "villager_experience": 8
      },
      {
        "type": "numismatic-overhaul:sell_stack",
        "price": 1200,
        "sell": {
          "item": "betterenchanting:essence_of_smite",
          "count": 1
        },
        "max_uses": 4,
        "villager_experience": 8
      },
      {
        "type": "numismatic-overhaul:sell_stack",
        "price": 1250,
        "sell": {
          "item": "betterenchanting:essence_of_arthropods",
          "count": 1
        },
        "max_uses": 4,
        "villager_experience": 8
      },
      {
        "type": "numismatic-overhaul:sell_stack",
        "price": 1300,
        "sell": {
          "item": "betterenchanting:essence_of_knockback",
          "count": 1
        },
        "max_uses": 4,
        "villager_experience": 8
      },
      {
        "type": "numismatic-overhaul:sell_stack",
        "price": 1350,
        "sell": {
          "item": "betterenchanting:essence_of_gravity",
          "count": 1
        },
        "max_uses": 4,
        "villager_experience": 8
      },
      {
        "type": "numismatic-overhaul:sell_stack",
        "price": 1400,
        "sell": {
          "item": "betterenchanting:essence_of_fire",
          "count": 1
        },
        "max_uses": 4,
        "villager_experience": 8
      },
      {
        "type": "numismatic-overhaul:sell_stack",
        "price": 1450,
        "sell": {
          "item": "betterenchanting:essence_of_punch",
          "count": 1
        },
        "max_uses": 4,
        "villager_experience": 8
      }
    ],
    "expert": [
      {
        "type": "numismatic-overhaul:sell_stack",
        "price": 890,
        "sell": {
          "item": "writable_book",
          "count": 1
        }
      },
      {
        "type": "numismatic-overhaul:sell_stack",
        "price": 700,
        "sell": {
          "item": "compass",
          "count": 1
        },
        "villager_experience": 8
      },
      {
        "type": "numismatic-overhaul:sell_stack",
        "price": 900,
        "sell": {
          "item": "clock",
          "count": 1
        },
        "villager_experience": 8
      },
      {
        "type": "numismatic-overhaul:sell_stack",
        "price": 8000,
        "sell": {
          "item": "betterenchanting:essence_of_mining",
          "count": 1
        },
        "max_uses": 3,
        "villager_experience": 12
      },
      {
        "type": "numismatic-overhaul:sell_stack",
        "price": 8500,
        "sell": {
          "item": "betterenchanting:essence_of_fortune",
          "count": 1
        },
        "max_uses": 3,
        "villager_experience": 12
      },
      {
        "type": "numismatic-overhaul:sell_stack",
        "price": 9000,
        "sell": {
          "item": "betterenchanting:essence_of_silk_touch",
          "count": 1
        },
        "max_uses": 3,
        "villager_experience": 12
      },
      {
        "type": "numismatic-overhaul:sell_stack",
        "price": 9500,
        "sell": {
          "item": "betterenchanting:essence_of_quick_charge",
          "count": 1
        },
        "max_uses": 3,
        "villager_experience": 12
      },
      {
        "type": "numismatic-overhaul:sell_stack",
        "price": 10000,
        "sell": {
          "item": "betterenchanting:essence_of_multishot",
          "count": 1
        },
        "max_uses": 3,
        "villager_experience": 12
      },
      {
        "type": "numismatic-overhaul:sell_stack",
        "price": 10500,
        "sell": {
          "item": "betterenchanting:essence_of_power",
          "count": 1
        },
        "max_uses": 3,
        "villager_experience": 12
      },
      {
        "type": "numismatic-overhaul:sell_stack",
        "price": 11000,
        "sell": {
          "item": "betterenchanting:essence_of_arrows",
          "count": 1
        },
        "max_uses": 3,
        "villager_experience": 12
      },
      {
        "type": "numismatic-overhaul:sell_stack",
        "price": 11500,
        "sell": {
          "item": "betterenchanting:essence_of_sneak_1",
          "count": 1
        },
        "max_uses": 3,
        "villager_experience": 12
      },
      {
        "type": "numismatic-overhaul:sell_stack",
        "price": 12000,
        "sell": {
          "item": "betterenchanting:essence_of_sneak_2",
          "count": 1
        },
        "max_uses": 3,
        "villager_experience": 12
      },
      {
        "type": "numismatic-overhaul:sell_stack",
        "price": 12500,
        "sell": {
          "item": "betterenchanting:essence_of_sneak_3",
          "count": 1
        },
        "max_uses": 3,
        "villager_experience": 12
      },
      {
        "type": "numismatic-overhaul:sell_stack",
        "price": 13000,
        "sell": {
          "item": "betterenchanting:soul_essence_1",
          "count": 1
        },
        "max_uses": 3,
        "villager_experience": 12
      },
      {
        "type": "numismatic-overhaul:sell_stack",
        "price": 13500,
        "sell": {
          "item": "betterenchanting:soul_essence_2",
          "count": 1
        },
        "max_uses": 3,
        "villager_experience": 12
      },
      {
        "type": "numismatic-overhaul:sell_stack",
        "price": 14000,
        "sell": {
          "item": "betterenchanting:soul_essence_3",
          "count": 1
        },
        "max_uses": 3,
        "villager_experience": 12
      },
      {
        "type": "numismatic-overhaul:sell_stack",
        "price": 14500,
        "sell": {
          "item": "betterenchanting:essence_of_feather",
          "count": 1
        },
        "max_uses": 3,
        "villager_experience": 12
      },
      {
        "type": "numismatic-overhaul:sell_stack",
        "price": 15000,
        "sell": {
          "item": "betterenchanting:essence_of_blast_protection",
          "count": 1
        },
        "max_uses": 3,
        "villager_experience": 12
      },
      {
        "type": "numismatic-overhaul:sell_stack",
        "price": 15500,
        "sell": {
          "item": "betterenchanting:essence_of_protection",
          "count": 1
        },
        "max_uses": 3,
        "villager_experience": 12
      },
      {
        "type": "numismatic-overhaul:sell_stack",
        "price": 16000,
        "sell": {
          "item": "betterenchanting:essence_of_fire_protection",
          "count": 1
        },
        "max_uses": 3,
        "villager_experience": 12
      },
      {
        "type": "numismatic-overhaul:sell_stack",
        "price": 16500,
        "sell": {
          "item": "betterenchanting:essence_of_poison_protection",
          "count": 1
        },
        "max_uses": 3,
        "villager_experience": 12
      },
      {
        "type": "numismatic-overhaul:sell_stack",
        "price": 17000,
        "sell": {
          "item": "betterenchanting:essence_of_unbreaking",
          "count": 1
        },
        "max_uses": 3,
        "villager_experience": 12
      },
      {
        "type": "numismatic-overhaul:sell_stack",
        "price": 17500,
        "sell": {
          "item": "betterenchanting:essence_of_looting",
          "count": 1
        },
        "max_uses": 3,
        "villager_experience": 12
      },
      {
        "type": "numismatic-overhaul:sell_stack",
        "price": 18000,
        "sell": {
          "item": "betterenchanting:essence_of_sharpness",
          "count": 1
        },
        "max_uses": 3,
        "villager_experience": 12
      },
      {
        "type": "numismatic-overhaul:sell_stack",
        "price": 18500,
        "sell": {
          "item": "betterenchanting:essence_of_combat",
          "count": 1
        },
        "max_uses": 3,
        "villager_experience": 12
      },
      {
        "type": "numismatic-overhaul:sell_stack",
        "price": 19000,
        "sell": {
          "item": "betterenchanting:essence_of_sweeping",
          "count": 1
        },
        "max_uses": 3,
        "villager_experience": 12
      },
      {
        "type": "numismatic-overhaul:sell_stack",
        "price": 19500,
        "sell": {
          "item": "betterenchanting:essence_of_breach",
          "count": 1
        },
        "max_uses": 3,
        "villager_experience": 12
      },
      {
        "type": "numismatic-overhaul:sell_stack",
        "price": 20000,
        "sell": {
          "item": "betterenchanting:essence_of_density",
          "count": 1
        },
        "max_uses": 3,
        "villager_experience": 12
      },
      {
        "type": "numismatic-overhaul:sell_stack",
        "price": 20500,
        "sell": {
          "item": "betterenchanting:essence_of_wind",
          "count": 1
        },
        "max_uses": 3,
        "villager_experience": 12
      }
    ],
    "master": [
      {
        "type": "numismatic-overhaul:sell_stack",
        "price": 800,
        "sell": {
          "item": "name_tag",
          "count": 2
        },
        "villager_experience": 8
      },
      {
        "type": "numismatic-overhaul:sell_stack",
        "price": 50000,
        "sell": {
          "item": "betterenchanting:essence_of_experience",
          "count": 1
        },
        "max_uses": 1,
        "villager_experience": 25
      },
      {
        "type": "numismatic-overhaul:sell_stack",
        "price": 60000,
        "sell": {
          "item": "betterenchanting:essence_of_health",
          "count": 1
        },
        "max_uses": 1,
        "villager_experience": 25
      },
      {
        "type": "numismatic-overhaul:sell_stack",
        "price": 70000,
        "sell": {
          "item": "betterenchanting:essence_of_wings",
          "count": 1
        },
        "max_uses": 1,
        "villager_experience": 25
      },
      {
        "type": "numismatic-overhaul:sell_stack",
        "price": 80000,
        "sell": {
          "item": "betterenchanting:essence_of_vampirism",
          "count": 1
        },
        "max_uses": 1,
        "villager_experience": 25
      },
      {
        "type": "numismatic-overhaul:sell_stack",
        "price": 85000,
        "sell": {
          "item": "betterenchanting:essence_of_thorn",
          "count": 1
        },
        "max_uses": 1,
        "villager_experience": 25
      }
    ]
  }
}