{
  "profession": "mason",
  "trades": {
    "novice": [
      {
        "type": "numismatic-overhaul:buy_stack",
        "price": 48,
        "buy": {
          "item": "clay_ball",
          "count": 24
        },
        "max_uses": 16
      },
      {
        "type": "numismatic-overhaul:buy_stack",
        "price": 75,
        "buy": {
          "item": "sand",
          "count": 25
        }
      },
      {
        "type": "numismatic-overhaul:sell_stack",
        "price": 96,
        "sell": {
          "item": "brick",
          "count": 12
        }
      }
    ],
    "apprentice": [
      {
        "type": "numismatic-overhaul:process_item",
        "price": 192,
        "buy": {
          "item": "clay_ball",
          "count": 16
        },
        "sell": {
          "item": "brick",
          "count": 12
        },
        "villager_experience": 10
      },
      {
        "type": "numismatic-overhaul:sell_stack",
        "price": 240,
        "sell": {
          "item": "stone_bricks",
          "count": 8
        }
      }
    ],
    "journeyman": [
      {
        "type": "numismatic-overhaul:sell_stack",
        "price": 320,
        "sell": {
          "item": "polished_andesite",
          "count": 4
        }
      },
      {
        "type": "numismatic-overhaul:sell_stack",
        "price": 320,
        "sell": {
          "item": "polished_diorite",
          "count": 4
        }
      },
      {
        "type": "numismatic-overhaul:sell_stack",
        "price": 320,
        "sell": {
          "item": "polished_granite",
          "count": 4
        }
      },
      {
        "type": "numismatic-overhaul:sell_stack",
        "price": 400,
        "sell": {
          "item": "chiseled_stone_bricks",
          "count": 4
        }
      }
    ],
    "expert": [
      {
        "type": "numismatic-overhaul:buy_stack",
        "price": 1320,
        "buy": {
          "item": "quartz",
          "count": 12
        },
        "villager_experience": 15
      },
      {
        "type": "numismatic-overhaul:sell_tag",
        "price": 480,
        "sell": {
          "tag": "numismatic-overhaul:terracotta",
          "count": 4
        },
        "max_uses": 24
      },
      {
        "type": "numismatic-overhaul:sell_tag",
        "price": 600,
        "sell": {
          "tag": "numismatic-overhaul:concrete",
          "count": 4
        },
        "max_uses": 20
      },
      {
        "type": "numismatic-overhaul:sell_tag",
        "price": 800,
        "sell": {
          "tag": "numismatic-overhaul:glazed_terracotta",
          "count": 4
        },
        "max_uses": 16
      }
    ],
    "master": [
      {
        "type": "numismatic-overhaul:sell_stack",
        "price": 2400,
        "sell": {
          "item": "quartz_block",
          "count": 3
        },
        "villager_experience": 20,
        "max_uses": 12
      },
      {
        "type": "numismatic-overhaul:sell_stack",
        "price": 4800,
        "sell": {
          "item": "quartz_pillar",
          "count": 4
        },
        "villager_experience": 25,
        "max_uses": 8
      },
      {
        "type": "numismatic-overhaul:sell_stack",
        "price": 7200,
        "sell": {
          "item": "chiseled_quartz_block",
          "count": 4
        },
        "villager_experience": 30,
        "max_uses": 6
      }
    ]
  }
}