{
  "profession": "shepherd",
  "trades": {
    "novice": [
      {
        "type": "numismatic-overhaul:buy_stack",
        "price": 90,
        "buy": {
          "item": "white_wool",
          "count": 18
        },
        "max_uses": 16
      },
      {
        "type": "numismatic-overhaul:buy_stack",
        "price": 90,
        "buy": {
          "item": "brown_wool",
          "count": 18
        }
      },
      {
        "type": "numismatic-overhaul:buy_stack",
        "price": 90,
        "buy": {
          "item": "black_wool",
          "count": 18
        }
      },
      {
        "type": "numismatic-overhaul:sell_stack",
        "price": 60,
        "sell": {
          "item": "shears",
          "count": 1
        },
        "max_uses": 16
      }
    ],
    "apprentice": [
      {
        "type": "numismatic-overhaul:sell_stack",
        "price": 320,
        "sell": {
          "item": "oak_fence",
          "count": 4
        },
        "max_uses": 16
      },
      {
        "type": "numismatic-overhaul:sell_tag",
        "price": 72,
        "sell": {
          "tag": "numismatic-overhaul:wool",
          "count": 1
        }
      },
      {
        "type": "numismatic-overhaul:sell_tag",
        "price": 84,
        "sell": {
          "tag": "numismatic-overhaul:carpets",
          "count": 4
        }
      },
      {
        "type": "numismatic-overhaul:sell_stack",
        "price": 160,
        "sell": {
          "item": "string",
          "count": 8
        }
      }
    ],
    "journeyman": [
      {
        "type": "numismatic-overhaul:sell_stack",
        "price": 360,
        "sell": {
          "item": "white_dye",
          "count": 4
        },
        "max_uses": 12,
        "villager_experience": 5
      },
      {
        "type": "numismatic-overhaul:sell_stack",
        "price": 440,
        "sell": {
          "item": "black_dye",
          "count": 4
        },
        "max_uses": 12,
        "villager_experience": 5
      },
      {
        "type": "numismatic-overhaul:sell_stack",
        "price": 440,
        "sell": {
          "item": "brown_dye",
          "count": 4
        },
        "max_uses": 12,
        "villager_experience": 5
      },
      {
        "type": "numismatic-overhaul:sell_stack",
        "price": 440,
        "sell": {
          "item": "gray_dye",
          "count": 4
        },
        "max_uses": 12,
        "villager_experience": 5
      },
      {
        "type": "numismatic-overhaul:sell_stack",
        "price": 3000,
        "sell": {
          "item": "plushie_buddies:plushie_axolotl",
          "count": 1
        },
        "max_uses": 4,
        "villager_experience": 15
      },
      {
        "type": "numismatic-overhaul:sell_stack",
        "price": 3200,
        "sell": {
          "item": "plushie_buddies:plushie_bee",
          "count": 1
        },
        "max_uses": 4,
        "villager_experience": 15
      },
      {
        "type": "numismatic-overhaul:sell_stack",
        "price": 3400,
        "sell": {
          "item": "plushie_buddies:plushie_cat",
          "count": 1
        },
        "max_uses": 4,
        "villager_experience": 15
      },
      {
        "type": "numismatic-overhaul:sell_stack",
        "price": 3600,
        "sell": {
          "item": "plushie_buddies:plushie_rabbit",
          "count": 1
        },
        "max_uses": 4,
        "villager_experience": 15
      },
      {
        "type": "numismatic-overhaul:sell_stack",
        "price": 3800,
        "sell": {
          "item": "plushie_buddies:plushie_fox",
          "count": 1
        },
        "max_uses": 4,
        "villager_experience": 15
      },
      {
        "type": "numismatic-overhaul:sell_stack",
        "price": 4000,
        "sell": {
          "item": "plushie_buddies:plushie_frog",
          "count": 1
        },
        "max_uses": 4,
        "villager_experience": 15
      },
      {
        "type": "numismatic-overhaul:sell_stack",
        "price": 4200,
        "sell": {
          "item": "plushie_buddies:plushie_panda",
          "count": 1
        },
        "max_uses": 4,
        "villager_experience": 15
      },
      {
        "type": "numismatic-overhaul:sell_stack",
        "price": 2800,
        "sell": {
          "item": "plushie_buddies:plushie_sheep",
          "count": 1
        },
        "max_uses": 6,
        "villager_experience": 15
      },
      {
        "type": "numismatic-overhaul:sell_stack",
        "price": 4400,
        "sell": {
          "item": "plushie_buddies:plushie_pig",
          "count": 1
        },
        "max_uses": 4,
        "villager_experience": 15
      },
      {
        "type": "numismatic-overhaul:sell_stack",
        "price": 4600,
        "sell": {
          "item": "plushie_buddies:plushie_chicken",
          "count": 1
        },
        "max_uses": 4,
        "villager_experience": 15
      },
      {
        "type": "numismatic-overhaul:sell_stack",
        "price": 4800,
        "sell": {
          "item": "plushie_buddies:plushie_cow",
          "count": 1
        },
        "max_uses": 4,
        "villager_experience": 15
      },
      {
        "type": "numismatic-overhaul:sell_stack",
        "price": 5000,
        "sell": {
          "item": "plushie_buddies:plushie_turtle",
          "count": 1
        },
        "max_uses": 4,
        "villager_experience": 15
      },
      {
        "type": "numismatic-overhaul:sell_stack",
        "price": 5200,
        "sell": {
          "item": "plushie_buddies:plushie_parrot",
          "count": 1
        },
        "max_uses": 4,
        "villager_experience": 15
      },
      {
        "type": "numismatic-overhaul:sell_stack",
        "price": 5400,
        "sell": {
          "item": "plushie_buddies:plushie_allay",
          "count": 1
        },
        "max_uses": 4,
        "villager_experience": 15
      },
      {
        "type": "numismatic-overhaul:sell_stack",
        "price": 5600,
        "sell": {
          "item": "plushie_buddies:plushie_wolf",
          "count": 1
        },
        "max_uses": 4,
        "villager_experience": 15
      },
      {
        "type": "numismatic-overhaul:sell_stack",
        "price": 5800,
        "sell": {
          "item": "plushie_buddies:plushie_dolphin",
          "count": 1
        },
        "max_uses": 4,
        "villager_experience": 15
      },
      {
        "type": "numismatic-overhaul:sell_stack",
        "price": 6000,
        "sell": {
          "item": "plushie_buddies:plushie_llama",
          "count": 1
        },
        "max_uses": 4,
        "villager_experience": 15
      }
    ],
    "expert": [
      {
        "type": "numismatic-overhaul:sell_stack",
        "price": 600,
        "sell": {
          "item": "red_dye",
          "count": 4
        },
        "max_uses": 10,
        "villager_experience": 10
      },
      {
        "type": "numismatic-overhaul:sell_stack",
        "price": 600,
        "sell": {
          "item": "blue_dye",
          "count": 4
        },
        "max_uses": 10,
        "villager_experience": 10
      },
      {
        "type": "numismatic-overhaul:sell_stack",
        "price": 600,
        "sell": {
          "item": "yellow_dye",
          "count": 4
        },
        "max_uses": 10,
        "villager_experience": 10
      },
      {
        "type": "numismatic-overhaul:sell_stack",
        "price": 800,
        "sell": {
          "item": "green_dye",
          "count": 4
        },
        "max_uses": 10,
        "villager_experience": 10
      },
      {
        "type": "numismatic-overhaul:sell_tag",
        "price": 1800,
        "sell": {
          "tag": "numismatic-overhaul:beds",
          "count": 1
        },
        "max_uses": 8,
        "villager_experience": 15
      },
      {
        "type": "numismatic-overhaul:sell_stack",
        "price": 7000,
        "sell": {
          "item": "plushie_buddies:plushie_armadillo",
          "count": 1
        },
        "max_uses": 3,
        "villager_experience": 20
      },
      {
        "type": "numismatic-overhaul:sell_stack",
        "price": 7500,
        "sell": {
          "item": "plushie_buddies:plushie_sniffer",
          "count": 1
        },
        "max_uses": 3,
        "villager_experience": 20
      },
      {
        "type": "numismatic-overhaul:sell_stack",
        "price": 8000,
        "sell": {
          "item": "plushie_buddies:plushie_goat",
          "count": 1
        },
        "max_uses": 3,
        "villager_experience": 20
      },
      {
        "type": "numismatic-overhaul:sell_stack",
        "price": 8500,
        "sell": {
          "item": "plushie_buddies:plushie_bat",
          "count": 1
        },
        "max_uses": 3,
        "villager_experience": 20
      },
      {
        "type": "numismatic-overhaul:sell_stack",
        "price": 9000,
        "sell": {
          "item": "plushie_buddies:plushie_horse",
          "count": 1
        },
        "max_uses": 3,
        "villager_experience": 20
      },
      {
        "type": "numismatic-overhaul:sell_stack",
        "price": 9500,
        "sell": {
          "item": "plushie_buddies:plushie_camel",
          "count": 1
        },
        "max_uses": 3,
        "villager_experience": 20
      },
      {
        "type": "numismatic-overhaul:sell_stack",
        "price": 10000,
        "sell": {
          "item": "plushie_buddies:plushie_donkey",
          "count": 1
        },
        "max_uses": 3,
        "villager_experience": 20
      },
      {
        "type": "numismatic-overhaul:sell_stack",
        "price": 10500,
        "sell": {
          "item": "plushie_buddies:plushie_mule",
          "count": 1
        },
        "max_uses": 3,
        "villager_experience": 20
      },
      {
        "type": "numismatic-overhaul:sell_stack",
        "price": 11000,
        "sell": {
          "item": "plushie_buddies:plushie_mooshroom",
          "count": 1
        },
        "max_uses": 3,
        "villager_experience": 20
      },
      {
        "type": "numismatic-overhaul:sell_stack",
        "price": 11500,
        "sell": {
          "item": "plushie_buddies:plushie_polar_bear",
          "count": 1
        },
        "max_uses": 3,
        "villager_experience": 20
      },
      {
        "type": "numismatic-overhaul:sell_stack",
        "price": 12000,
        "sell": {
          "item": "plushie_buddies:plushie_trader_lama",
          "count": 1
        },
        "max_uses": 3,
        "villager_experience": 20
      },
      {
        "type": "numismatic-overhaul:sell_stack",
        "price": 12500,
        "sell": {
          "item": "plushie_buddies:plushie_strider",
          "count": 1
        },
        "max_uses": 3,
        "villager_experience": 20
      },
      {
        "type": "numismatic-overhaul:sell_stack",
        "price": 13000,
        "sell": {
          "item": "plushie_buddies:plushie_iron_golem",
          "count": 1
        },
        "max_uses": 3,
        "villager_experience": 20
      },
      {
        "type": "numismatic-overhaul:sell_stack",
        "price": 13500,
        "sell": {
          "item": "plushie_buddies:plushie_villager",
          "count": 1
        },
        "max_uses": 3,
        "villager_experience": 20
      },
      {
        "type": "numismatic-overhaul:sell_stack",
        "price": 14000,
        "sell": {
          "item": "plushie_buddies:plushie_wandering_trader",
          "count": 1
        },
        "max_uses": 3,
        "villager_experience": 20
      },
      {
        "type": "numismatic-overhaul:sell_stack",
        "price": 14500,
        "sell": {
          "item": "plushie_buddies:plushie_glow_squid",
          "count": 1
        },
        "max_uses": 3,
        "villager_experience": 20
      },
      {
        "type": "numismatic-overhaul:sell_stack",
        "price": 15000,
        "sell": {
          "item": "plushie_buddies:plushie_squid",
          "count": 1
        },
        "max_uses": 3,
        "villager_experience": 20
      },
      {
        "type": "numismatic-overhaul:sell_stack",
        "price": 15500,
        "sell": {
          "item": "plushie_buddies:plushie_pufferfish",
          "count": 1
        },
        "max_uses": 3,
        "villager_experience": 20
      },
      {
        "type": "numismatic-overhaul:sell_stack",
        "price": 16000,
        "sell": {
          "item": "plushie_buddies:plushie_slime",
          "count": 1
        },
        "max_uses": 3,
        "villager_experience": 20
      },
      {
        "type": "numismatic-overhaul:sell_stack",
        "price": 16500,
        "sell": {
          "item": "plushie_buddies:plushie_magma_cube",
          "count": 1
        },
        "max_uses": 3,
        "villager_experience": 20
      },
      {
        "type": "numismatic-overhaul:sell_stack",
        "price": 17000,
        "sell": {
          "item": "plushie_buddies:plushie_breeze",
          "count": 1
        },
        "max_uses": 3,
        "villager_experience": 20
      },
      {
        "type": "numismatic-overhaul:sell_stack",
        "price": 17500,
        "sell": {
          "item": "plushie_buddies:plushie_creeper",
          "count": 1
        },
        "max_uses": 3,
        "villager_experience": 20
      },
      {
        "type": "numismatic-overhaul:sell_stack",
        "price": 18000,
        "sell": {
          "item": "plushie_buddies:plushie_spider",
          "count": 1
        },
        "max_uses": 3,
        "villager_experience": 20
      },
      {
        "type": "numismatic-overhaul:sell_stack",
        "price": 18500,
        "sell": {
          "item": "plushie_buddies:plushie_cave_spider",
          "count": 1
        },
        "max_uses": 3,
        "villager_experience": 20
      },
      {
        "type": "numismatic-overhaul:sell_stack",
        "price": 19000,
        "sell": {
          "item": "plushie_buddies:plushie_skeleton",
          "count": 1
        },
        "max_uses": 3,
        "villager_experience": 20
      },
      {
        "type": "numismatic-overhaul:sell_stack",
        "price": 19500,
        "sell": {
          "item": "plushie_buddies:plushie_stray",
          "count": 1
        },
        "max_uses": 3,
        "villager_experience": 20
      },
      {
        "type": "numismatic-overhaul:sell_stack",
        "price": 20000,
        "sell": {
          "item": "plushie_buddies:plushie_husk",
          "count": 1
        },
        "max_uses": 3,
        "villager_experience": 20
      }
    ],
    "master": [
      {
        "type": "numismatic-overhaul:sell_stack",
        "price": 1000,
        "sell": {
          "item": "purple_dye",
          "count": 4
        },
        "max_uses": 8,
        "villager_experience": 20
      },
      {
        "type": "numismatic-overhaul:sell_stack",
        "price": 1000,
        "sell": {
          "item": "pink_dye",
          "count": 4
        },
        "max_uses": 8,
        "villager_experience": 20
      },
      {
        "type": "numismatic-overhaul:sell_stack",
        "price": 1000,
        "sell": {
          "item": "orange_dye",
          "count": 4
        },
        "max_uses": 8,
        "villager_experience": 20
      },
      {
        "type": "numismatic-overhaul:sell_stack",
        "price": 1000,
        "sell": {
          "item": "cyan_dye",
          "count": 4
        },
        "max_uses": 8,
        "villager_experience": 20
      },
      {
        "type": "numismatic-overhaul:sell_stack",
        "price": 1000,
        "sell": {
          "item": "light_gray_dye",
          "count": 4
        },
        "max_uses": 8,
        "villager_experience": 20
      },
      {
        "type": "numismatic-overhaul:sell_stack",
        "price": 1000,
        "sell": {
          "item": "magenta_dye",
          "count": 4
        },
        "max_uses": 8,
        "villager_experience": 20
      },
      {
        "type": "numismatic-overhaul:sell_stack",
        "price": 1000,
        "sell": {
          "item": "lime_dye",
          "count": 4
        },
        "max_uses": 8,
        "villager_experience": 20
      },
      {
        "type": "numismatic-overhaul:sell_stack",
        "price": 1000,
        "sell": {
          "item": "light_blue_dye",
          "count": 4
        },
        "max_uses": 8,
        "villager_experience": 20
      },
      {
        "type": "numismatic-overhaul:sell_stack",
        "price": 2400,
        "sell": {
          "item": "painting",
          "count": 4
        },
        "max_uses": 6,
        "villager_experience": 25
      },
      {
        "type": "numismatic-overhaul:sell_stack",
        "price": 25000,
        "sell": {
          "item": "plushie_buddies:plushie_peter",
          "count": 1
        },
        "max_uses": 2,
        "villager_experience": 30
      },
      {
        "type": "numismatic-overhaul:sell_stack",
        "price": 28000,
        "sell": {
          "item": "plushie_buddies:plushie_drowned",
          "count": 1
        },
        "max_uses": 2,
        "villager_experience": 30
      },
      {
        "type": "numismatic-overhaul:sell_stack",
        "price": 30000,
        "sell": {
          "item": "plushie_buddies:plushie_zombie",
          "count": 1
        },
        "max_uses": 2,
        "villager_experience": 30
      },
      {
        "type": "numismatic-overhaul:sell_stack",
        "price": 32000,
        "sell": {
          "item": "plushie_buddies:plushie_zombie_villager",
          "count": 1
        },
        "max_uses": 2,
        "villager_experience": 30
      },
      {
        "type": "numismatic-overhaul:sell_stack",
        "price": 34000,
        "sell": {
          "item": "plushie_buddies:plushie_zombified_piglin",
          "count": 1
        },
        "max_uses": 2,
        "villager_experience": 30
      },
      {
        "type": "numismatic-overhaul:sell_stack",
        "price": 35000,
        "sell": {
          "item": "plushie_buddies:plushie_chewie",
          "count": 1
        },
        "max_uses": 2,
        "villager_experience": 30
      },
      {
        "type": "numismatic-overhaul:sell_stack",
        "price": 36000,
        "sell": {
          "item": "plushie_buddies:plushie_piglin",
          "count": 1
        },
        "max_uses": 2,
        "villager_experience": 30
      },
      {
        "type": "numismatic-overhaul:sell_stack",
        "price": 38000,
        "sell": {
          "item": "plushie_buddies:plushie_piglin_brute",
          "count": 1
        },
        "max_uses": 2,
        "villager_experience": 30
      },
      {
        "type": "numismatic-overhaul:sell_stack",
        "price": 40000,
        "sell": {
          "item": "plushie_buddies:plushie_hoglin",
          "count": 1
        },
        "max_uses": 2,
        "villager_experience": 30
      },
      {
        "type": "numismatic-overhaul:sell_stack",
        "price": 42000,
        "sell": {
          "item": "plushie_buddies:plushie_zoglin",
          "count": 1
        },
        "max_uses": 2,
        "villager_experience": 30
      },
      {
        "type": "numismatic-overhaul:sell_stack",
        "price": 44000,
        "sell": {
          "item": "plushie_buddies:plushie_skeleton_horse",
          "count": 1
        },
        "max_uses": 2,
        "villager_experience": 30
      },
      {
        "type": "numismatic-overhaul:sell_stack",
        "price": 45000,
        "sell": {
          "item": "plushie_buddies:plushie_dan_rolo",
          "count": 1
        },
        "max_uses": 2,
        "villager_experience": 30
      },
      {
        "type": "numismatic-overhaul:sell_stack",
        "price": 46000,
        "sell": {
          "item": "plushie_buddies:plushie_vex",
          "count": 1
        },
        "max_uses": 2,
        "villager_experience": 30
      },
      {
        "type": "numismatic-overhaul:sell_stack",
        "price": 48000,
        "sell": {
          "item": "plushie_buddies:plushie_pillager",
          "count": 1
        },
        "max_uses": 2,
        "villager_experience": 30
      },
      {
        "type": "numismatic-overhaul:sell_stack",
        "price": 50000,
        "sell": {
          "item": "plushie_buddies:plushie_vindicator",
          "count": 1
        },
        "max_uses": 2,
        "villager_experience": 30
      },
      {
        "type": "numismatic-overhaul:sell_stack",
        "price": 52000,
        "sell": {
          "item": "plushie_buddies:plushie_evoker",
          "count": 1
        },
        "max_uses": 2,
        "villager_experience": 30
      },
      {
        "type": "numismatic-overhaul:sell_stack",
        "price": 54000,
        "sell": {
          "item": "plushie_buddies:plushie_ravanger",
          "count": 1
        },
        "max_uses": 2,
        "villager_experience": 30
      },
      {
        "type": "numismatic-overhaul:sell_stack",
        "price": 55000,
        "sell": {
          "item": "plushie_buddies:plushie_yoga",
          "count": 1
        },
        "max_uses": 2,
        "villager_experience": 30
      },
      {
        "type": "numismatic-overhaul:sell_stack",
        "price": 56000,
        "sell": {
          "item": "plushie_buddies:plushie_witch",
          "count": 1
        },
        "max_uses": 2,
        "villager_experience": 30
      },
      {
        "type": "numismatic-overhaul:sell_stack",
        "price": 58000,
        "sell": {
          "item": "plushie_buddies:plushie_phantom",
          "count": 1
        },
        "max_uses": 2,
        "villager_experience": 30
      },
      {
        "type": "numismatic-overhaul:sell_stack",
        "price": 60000,
        "sell": {
          "item": "plushie_buddies:plushie_blaze",
          "count": 1
        },
        "max_uses": 2,
        "villager_experience": 30
      },
      {
        "type": "numismatic-overhaul:sell_stack",
        "price": 62000,
        "sell": {
          "item": "plushie_buddies:plushie_ghast",
          "count": 1
        },
        "max_uses": 2,
        "villager_experience": 30
      },
      {
        "type": "numismatic-overhaul:sell_stack",
        "price": 64000,
        "sell": {
          "item": "plushie_buddies:plushie_shulker",
          "count": 1
        },
        "max_uses": 2,
        "villager_experience": 30
      },
      {
        "type": "numismatic-overhaul:sell_stack",
        "price": 65000,
        "sell": {
          "item": "plushie_buddies:plushie_storm_soldier",
          "count": 1
        },
        "max_uses": 1,
        "villager_experience": 30
      },
      {
        "type": "numismatic-overhaul:sell_stack",
        "price": 66000,
        "sell": {
          "item": "plushie_buddies:plushie_guardian",
          "count": 1
        },
        "max_uses": 2,
        "villager_experience": 30
      },
      {
        "type": "numismatic-overhaul:sell_stack",
        "price": 68000,
        "sell": {
          "item": "plushie_buddies:plushie_elder_guardian",
          "count": 1
        },
        "max_uses": 1,
        "villager_experience": 30
      },
      {
        "type": "numismatic-overhaul:sell_stack",
        "price": 70000,
        "sell": {
          "item": "plushie_buddies:plushie_wither_skeleton",
          "count": 1
        },
        "max_uses": 1,
        "villager_experience": 30
      },
      {
        "type": "numismatic-overhaul:sell_stack",
        "price": 72000,
        "sell": {
          "item": "plushie_buddies:plushie_wither",
          "count": 1
        },
        "max_uses": 1,
        "villager_experience": 30
      },
      {
        "type": "numismatic-overhaul:sell_stack",
        "price": 74000,
        "sell": {
          "item": "plushie_buddies:plushie_enderdragon",
          "count": 1
        },
        "max_uses": 1,
        "villager_experience": 30
      },
      {
        "type": "numismatic-overhaul:sell_stack",
        "price": 75000,
        "sell": {
          "item": "plushie_buddies:plushie_dark_father",
          "count": 1
        },
        "max_uses": 1,
        "villager_experience": 30
      },
      {
        "type": "numismatic-overhaul:sell_stack",
        "price": 76000,
        "sell": {
          "item": "plushie_buddies:plushie_enderman",
          "count": 1
        },
        "max_uses": 1,
        "villager_experience": 30
      },
      {
        "type": "numismatic-overhaul:sell_stack",
        "price": 80000,
        "sell": {
          "item": "plushie_buddies:plushie_warden",
          "count": 1
        },
        "max_uses": 1,
        "villager_experience": 30
      },
      {
        "type": "numismatic-overhaul:sell_stack",
        "price": 85000,
        "sell": {
          "item": "plushie_buddies:plushie_emperor",
          "count": 1
        },
        "max_uses": 1,
        "villager_experience": 30
      }
    ]
  }
}