{
  "profession": "toolsmith",
  "trades": {
    "novice": [
      {
        "type": "numismatic-overhaul:buy_stack",
        "price": 320,
        "buy": {
          "item": "coal",
          "count": 32
        },
        "max_uses": 16,
        "villager_experience": 2
      },
      {
        "type": "numismatic-overhaul:sell_stack",
        "price": 120,
        "sell": {
          "item": "stone_shovel",
          "count": 1
        },
        "max_uses": 12,
        "villager_experience": 2
      },
      {
        "type": "numismatic-overhaul:sell_stack",
        "price": 150,
        "sell": {
          "item": "stone_hoe",
          "count": 1
        },
        "max_uses": 12,
        "villager_experience": 2
      }
    ],
    "apprentice": [
      {
        "type": "numismatic-overhaul:buy_stack",
        "price": 280,
        "buy": {
          "item": "iron_ingot",
          "count": 7
        },
        "max_uses": 12,
        "villager_experience": 5
      },
      {
        "type": "numismatic-overhaul:sell_stack",
        "price": 200,
        "sell": {
          "item": "stone_axe",
          "count": 1
        },
        "max_uses": 10,
        "villager_experience": 5
      },
      {
        "type": "numismatic-overhaul:sell_stack",
        "price": 220,
        "sell": {
          "item": "stone_pickaxe",
          "count": 1
        },
        "max_uses": 10,
        "villager_experience": 5
      }
    ],
    "journeyman": [
      {
        "type": "numismatic-overhaul:enchant_item",
        "base_price": 800,
        "allow_treasure": false,
        "level": 10,
        "item": {
          "item": "iron_pickaxe"
        },
        "max_uses": 6,
        "villager_experience": 10
      },
      {
        "type": "numismatic-overhaul:enchant_item",
        "base_price": 750,
        "allow_treasure": false,
        "level": 10,
        "item": {
          "item": "iron_axe"
        },
        "max_uses": 6,
        "villager_experience": 10
      },
      {
        "type": "numismatic-overhaul:sell_stack",
        "price": 600,
        "sell": {
          "item": "iron_shovel",
          "count": 1
        },
        "max_uses": 8,
        "villager_experience": 10
      },
      {
        "type": "numismatic-overhaul:sell_stack",
        "price": 700,
        "sell": {
          "item": "iron_pickaxe",
          "count": 1
        },
        "max_uses": 8,
        "villager_experience": 10
      },
      {
        "type": "numismatic-overhaul:sell_stack",
        "price": 650,
        "sell": {
          "item": "iron_axe",
          "count": 1
        },
        "max_uses": 8,
        "villager_experience": 10
      },
      {
        "type": "numismatic-overhaul:sell_stack",
        "price": 580,
        "sell": {
          "item": "iron_hoe",
          "count": 1
        },
        "max_uses": 6,
        "villager_experience": 10
      }
    ],
    "expert": [
      {
        "type": "numismatic-overhaul:buy_stack",
        "price": 3000,
        "buy": {
          "item": "diamond",
          "count": 1
        },
        "max_uses": 4,
        "villager_experience": 20
      },
      {
        "type": "numismatic-overhaul:enchant_item",
        "base_price": 1200,
        "allow_treasure": false,
        "level": 15,
        "item": {
          "item": "iron_pickaxe"
        },
        "max_uses": 5,
        "villager_experience": 15
      },
      {
        "type": "numismatic-overhaul:enchant_item",
        "base_price": 1100,
        "allow_treasure": false,
        "level": 15,
        "item": {
          "item": "iron_axe"
        },
        "max_uses": 5,
        "villager_experience": 15
      },
      {
        "type": "numismatic-overhaul:sell_stack",
        "price": 2800,
        "sell": {
          "item": "diamond_shovel",
          "count": 1
        },
        "max_uses": 4,
        "villager_experience": 20
      },
      {
        "type": "numismatic-overhaul:sell_stack",
        "price": 2400,
        "sell": {
          "item": "diamond_hoe",
          "count": 1
        },
        "max_uses": 3,
        "villager_experience": 20
      }
    ],
    "master": [
      {
        "type": "numismatic-overhaul:sell_stack",
        "price": 3600,
        "sell": {
          "item": "diamond_pickaxe",
          "count": 1
        },
        "max_uses": 4,
        "villager_experience": 25
      },
      {
        "type": "numismatic-overhaul:sell_stack",
        "price": 3400,
        "sell": {
          "item": "diamond_axe",
          "count": 1
        },
        "max_uses": 4,
        "villager_experience": 25
      },
      {
        "type": "numismatic-overhaul:enchant_item",
        "base_price": 1600,
        "allow_treasure": false,
        "level": 15,
        "item": {
          "item": "diamond_pickaxe"
        },
        "max_uses": 5,
        "villager_experience": 25
      },
      {
        "type": "numismatic-overhaul:enchant_item",
        "base_price": 2000,
        "allow_treasure": false,
        "level": 20,
        "item": {
          "item": "diamond_pickaxe"
        },
        "max_uses": 4,
        "villager_experience": 30
      },
      {
        "type": "numismatic-overhaul:enchant_item",
        "base_price": 4000,
        "allow_treasure": true,
        "level": 30,
        "item": {
          "item": "diamond_pickaxe"
        },
        "max_uses": 2,
        "villager_experience": 50
      },
      {
        "type": "numismatic-overhaul:enchant_item",
        "base_price": 1500,
        "allow_treasure": false,
        "level": 15,
        "item": {
          "item": "diamond_axe"
        },
        "max_uses": 5,
        "villager_experience": 25
      },
      {
        "type": "numismatic-overhaul:enchant_item",
        "base_price": 1800,
        "allow_treasure": false,
        "level": 20,
        "item": {
          "item": "diamond_axe"
        },
        "max_uses": 4,
        "villager_experience": 30
      },
      {
        "type": "numismatic-overhaul:enchant_item",
        "base_price": 1400,
        "allow_treasure": false,
        "level": 15,
        "item": {
          "item": "diamond_shovel"
        },
        "max_uses": 5,
        "villager_experience": 25
      },
      {
        "type": "numismatic-overhaul:enchant_item",
        "base_price": 1200,
        "allow_treasure": false,
        "level": 15,
        "item": {
          "item": "diamond_hoe"
        },
        "max_uses": 4,
        "villager_experience": 25
      },
      {
        "type": "numismatic-overhaul:sell_stack",
        "price": 8000,
        "sell": {
          "item": "beacon",
          "count": 1
        },
        "max_uses": 1,
        "villager_experience": 50
      }
    ]
  }
}