{
  "profession": "wandering_trader",
  "trades": {
    "novice": [
      {
        "type": "numismatic-overhaul:sell_stack",
        "price": 25,
        "sell": {
          "item": "allium",
          "count": 1
        },
        "villager_experience": 2
      },
      {
        "type": "numismatic-overhaul:sell_stack",
        "price": 25,
        "sell": {
          "item": "azure_bluet",
          "count": 1
        },
        "villager_experience": 2
      },
      {
        "type": "numismatic-overhaul:sell_stack",
        "price": 30,
        "sell": {
          "item": "blue_orchid",
          "count": 1
        },
        "villager_experience": 2
      },
      {
        "type": "numismatic-overhaul:sell_stack",
        "price": 25,
        "sell": {
          "item": "cornflower",
          "count": 1
        },
        "villager_experience": 2
      },
      {
        "type": "numismatic-overhaul:sell_stack",
        "price": 20,
        "sell": {
          "item": "dandelion",
          "count": 1
        },
        "villager_experience": 2
      },
      {
        "type": "numismatic-overhaul:sell_stack",
        "price": 25,
        "sell": {
          "item": "fern",
          "count": 1
        },
        "villager_experience": 2
      },
      {
        "type": "numismatic-overhaul:sell_stack",
        "price": 35,
        "sell": {
          "item": "lily_of_the_valley",
          "count": 1
        },
        "villager_experience": 2
      },
      {
        "type": "numismatic-overhaul:sell_stack",
        "price": 25,
        "sell": {
          "item": "orange_tulip",
          "count": 1
        },
        "villager_experience": 2
      },
      {
        "type": "numismatic-overhaul:sell_stack",
        "price": 25,
        "sell": {
          "item": "oxeye_daisy",
          "count": 1
        },
        "villager_experience": 2
      },
      {
        "type": "numismatic-overhaul:sell_stack",
        "price": 25,
        "sell": {
          "item": "pink_tulip",
          "count": 1
        },
        "villager_experience": 2
      },
      {
        "type": "numismatic-overhaul:sell_stack",
        "price": 20,
        "sell": {
          "item": "poppy",
          "count": 1
        },
        "villager_experience": 2
      },
      {
        "type": "numismatic-overhaul:sell_stack",
        "price": 25,
        "sell": {
          "item": "red_tulip",
          "count": 1
        },
        "villager_experience": 2
      },
      {
        "type": "numismatic-overhaul:sell_stack",
        "price": 25,
        "sell": {
          "item": "white_tulip",
          "count": 1
        },
        "villager_experience": 2
      },
      {
        "type": "numismatic-overhaul:sell_stack",
        "price": 60,
        "sell": {
          "item": "beetroot_seeds",
          "count": 4
        },
        "villager_experience": 2
      },
      {
        "type": "numismatic-overhaul:sell_stack",
        "price": 60,
        "sell": {
          "item": "melon_seeds",
          "count": 4
        },
        "villager_experience": 2
      },
      {
        "type": "numismatic-overhaul:sell_stack",
        "price": 60,
        "sell": {
          "item": "pumpkin_seeds",
          "count": 4
        },
        "villager_experience": 2
      },
      {
        "type": "numismatic-overhaul:sell_stack",
        "price": 48,
        "sell": {
          "item": "wheat_seeds",
          "count": 4
        },
        "villager_experience": 2
      },
      {
        "type": "numismatic-overhaul:sell_stack",
        "price": 80,
        "sell": {
          "item": "brown_mushroom",
          "count": 2
        },
        "villager_experience": 3
      },
      {
        "type": "numismatic-overhaul:sell_stack",
        "price": 80,
        "sell": {
          "item": "red_mushroom",
          "count": 2
        },
        "villager_experience": 3
      },
      {
        "type": "numismatic-overhaul:sell_stack",
        "price": 120,
        "sell": {
          "item": "vine",
          "count": 4
        },
        "villager_experience": 3
      },
      {
        "type": "numismatic-overhaul:sell_stack",
        "price": 96,
        "sell": {
          "item": "sand",
          "count": 8
        },
        "villager_experience": 3
      },
      {
        "type": "numismatic-overhaul:sell_stack",
        "price": 120,
        "sell": {
          "item": "red_sand",
          "count": 4
        },
        "max_uses": 8,
        "villager_experience": 3
      },
      {
        "type": "numismatic-overhaul:sell_stack",
        "price": 80,
        "sell": {
          "item": "lily_pad",
          "count": 4
        },
        "max_uses": 12,
        "villager_experience": 3
      },
      {
        "type": "numismatic-overhaul:sell_stack",
        "price": 90,
        "sell": {
          "item": "black_dye",
          "count": 3
        },
        "villager_experience": 2
      },
      {
        "type": "numismatic-overhaul:sell_stack",
        "price": 90,
        "sell": {
          "item": "blue_dye",
          "count": 3
        },
        "villager_experience": 2
      },
      {
        "type": "numismatic-overhaul:sell_stack",
        "price": 90,
        "sell": {
          "item": "brown_dye",
          "count": 3
        },
        "villager_experience": 2
      },
      {
        "type": "numismatic-overhaul:sell_stack",
        "price": 90,
        "sell": {
          "item": "cyan_dye",
          "count": 3
        },
        "villager_experience": 2
      },
      {
        "type": "numismatic-overhaul:sell_stack",
        "price": 90,
        "sell": {
          "item": "gray_dye",
          "count": 3
        },
        "villager_experience": 2
      },
      {
        "type": "numismatic-overhaul:sell_stack",
        "price": 90,
        "sell": {
          "item": "green_dye",
          "count": 3
        },
        "villager_experience": 2
      },
      {
        "type": "numismatic-overhaul:sell_stack",
        "price": 90,
        "sell": {
          "item": "light_blue_dye",
          "count": 3
        },
        "villager_experience": 2
      },
      {
        "type": "numismatic-overhaul:sell_stack",
        "price": 90,
        "sell": {
          "item": "light_gray_dye",
          "count": 3
        },
        "villager_experience": 2
      },
      {
        "type": "numismatic-overhaul:sell_stack",
        "price": 90,
        "sell": {
          "item": "lime_dye",
          "count": 3
        },
        "villager_experience": 2
      },
      {
        "type": "numismatic-overhaul:sell_stack",
        "price": 90,
        "sell": {
          "item": "magenta_dye",
          "count": 3
        },
        "villager_experience": 2
      },
      {
        "type": "numismatic-overhaul:sell_stack",
        "price": 90,
        "sell": {
          "item": "orange_dye",
          "count": 3
        },
        "villager_experience": 2
      },
      {
        "type": "numismatic-overhaul:sell_stack",
        "price": 90,
        "sell": {
          "item": "pink_dye",
          "count": 3
        },
        "villager_experience": 2
      },
      {
        "type": "numismatic-overhaul:sell_stack",
        "price": 90,
        "sell": {
          "item": "purple_dye",
          "count": 3
        },
        "villager_experience": 2
      },
      {
        "type": "numismatic-overhaul:sell_stack",
        "price": 90,
        "sell": {
          "item": "red_dye",
          "count": 3
        },
        "villager_experience": 2
      },
      {
        "type": "numismatic-overhaul:sell_stack",
        "price": 90,
        "sell": {
          "item": "white_dye",
          "count": 3
        },
        "villager_experience": 2
      },
      {
        "type": "numismatic-overhaul:sell_stack",
        "price": 90,
        "sell": {
          "item": "yellow_dye",
          "count": 3
        },
        "villager_experience": 2
      }
    ],
    "apprentice": [
      {
        "type": "numismatic-overhaul:sell_stack",
        "price": 400,
        "sell": {
          "item": "acacia_sapling",
          "count": 1
        },
        "max_uses": 12,
        "villager_experience": 5
      },
      {
        "type": "numismatic-overhaul:sell_stack",
        "price": 400,
        "sell": {
          "item": "birch_sapling",
          "count": 1
        },
        "max_uses": 12,
        "villager_experience": 5
      },
      {
        "type": "numismatic-overhaul:sell_stack",
        "price": 400,
        "sell": {
          "item": "dark_oak_sapling",
          "count": 1
        },
        "max_uses": 12,
        "villager_experience": 5
      },
      {
        "type": "numismatic-overhaul:sell_stack",
        "price": 400,
        "sell": {
          "item": "jungle_sapling",
          "count": 1
        },
        "max_uses": 12,
        "villager_experience": 5
      },
      {
        "type": "numismatic-overhaul:sell_stack",
        "price": 300,
        "sell": {
          "item": "oak_sapling",
          "count": 1
        },
        "max_uses": 12,
        "villager_experience": 5
      },
      {
        "type": "numismatic-overhaul:sell_stack",
        "price": 600,
        "sell": {
          "item": "azalea",
          "count": 1
        },
        "max_uses": 8,
        "villager_experience": 5
      },
      {
        "type": "numismatic-overhaul:sell_stack",
        "price": 800,
        "sell": {
          "item": "flowering_azalea",
          "count": 1
        },
        "max_uses": 8,
        "villager_experience": 6
      },
      {
        "type": "numismatic-overhaul:sell_stack",
        "price": 300,
        "sell": {
          "item": "cactus",
          "count": 2
        },
        "max_uses": 12,
        "villager_experience": 5
      },
      {
        "type": "numismatic-overhaul:sell_stack",
        "price": 400,
        "sell": {
          "item": "pumpkin",
          "count": 2
        },
        "max_uses": 8,
        "villager_experience": 5
      },
      {
        "type": "numismatic-overhaul:sell_stack",
        "price": 200,
        "sell": {
          "item": "gunpowder",
          "count": 1
        },
        "max_uses": 8,
        "villager_experience": 4
      },
      {
        "type": "numismatic-overhaul:sell_stack",
        "price": 600,
        "sell": {
          "item": "slime_ball",
          "count": 1
        },
        "max_uses": 6,
        "villager_experience": 6
      },
      {
        "type": "numismatic-overhaul:sell_stack",
        "price": 250,
        "sell": {
          "item": "dripstone_block",
          "count": 2
        },
        "max_uses": 12,
        "villager_experience": 4
      },
      {
        "type": "numismatic-overhaul:sell_stack",
        "price": 200,
        "sell": {
          "item": "pointed_dripstone",
          "count": 4
        },
        "max_uses": 12,
        "villager_experience": 4
      },
      {
        "type": "numismatic-overhaul:sell_stack",
        "price": 300,
        "sell": {
          "item": "moss_block",
          "count": 3
        },
        "max_uses": 8,
        "villager_experience": 4
      },
      {
        "type": "numismatic-overhaul:sell_stack",
        "price": 248,
        "sell": {
          "item": "rooted_dirt",
          "count": 4
        },
        "max_uses": 8,
        "villager_experience": 4
      },
      {
        "type": "numismatic-overhaul:sell_stack",
        "price": 300,
        "sell": {
          "item": "small_dripleaf",
          "count": 3
        },
        "max_uses": 8,
        "villager_experience": 4
      },
      {
        "type": "numismatic-overhaul:sell_stack",
        "price": 400,
        "sell": {
          "item": "spore_blossom",
          "count": 2
        },
        "max_uses": 6,
        "villager_experience": 5
      },
      {
        "type": "numismatic-overhaul:sell_stack",
        "price": 600,
        "sell": {
          "item": "podzol",
          "count": 4
        },
        "max_uses": 8,
        "villager_experience": 5
      },
      {
        "type": "numismatic-overhaul:sell_stack",
        "price": 800,
        "sell": {
          "item": "packed_ice",
          "count": 2
        },
        "max_uses": 8,
        "villager_experience": 6
      }
    ],
    "journeyman": [
      {
        "type": "numismatic-overhaul:sell_stack",
        "price": 2000,
        "sell": {
          "item": "brain_coral_block",
          "count": 1
        },
        "max_uses": 4,
        "villager_experience": 10
      },
      {
        "type": "numismatic-overhaul:sell_stack",
        "price": 2000,
        "sell": {
          "item": "bubble_coral_block",
          "count": 1
        },
        "max_uses": 4,
        "villager_experience": 10
      },
      {
        "type": "numismatic-overhaul:sell_stack",
        "price": 2000,
        "sell": {
          "item": "fire_coral_block",
          "count": 1
        },
        "max_uses": 4,
        "villager_experience": 10
      },
      {
        "type": "numismatic-overhaul:sell_stack",
        "price": 2000,
        "sell": {
          "item": "horn_coral_block",
          "count": 1
        },
        "max_uses": 4,
        "villager_experience": 10
      },
      {
        "type": "numismatic-overhaul:sell_stack",
        "price": 2000,
        "sell": {
          "item": "tube_coral_block",
          "count": 1
        },
        "max_uses": 4,
        "villager_experience": 10
      },
      {
        "type": "numismatic-overhaul:sell_stack",
        "price": 1500,
        "sell": {
          "item": "sea_pickle",
          "count": 2
        },
        "max_uses": 6,
        "villager_experience": 8
      },
      {
        "type": "numismatic-overhaul:sell_stack",
        "price": 2500,
        "sell": {
          "item": "nautilus_shell",
          "count": 1
        },
        "max_uses": 3,
        "villager_experience": 12
      },
      {
        "type": "numismatic-overhaul:sell_stack",
        "price": 3000,
        "sell": {
          "item": "blue_ice",
          "count": 1
        },
        "max_uses": 4,
        "villager_experience": 15
      },
      {
        "type": "numismatic-overhaul:sell_stack",
        "price": 2000,
        "sell": {
          "item": "glowstone",
          "count": 1
        },
        "max_uses": 6,
        "villager_experience": 10
      },
      {
        "type": "numismatic-overhaul:sell_stack",
        "price": 1800,
        "sell": {
          "item": "axolotl_bucket",
          "count": 1
        },
        "max_uses": 3,
        "villager_experience": 10
      },
      {
        "type": "numismatic-overhaul:sell_stack",
        "price": 1200,
        "sell": {
          "item": "pufferfish_bucket",
          "count": 1
        },
        "max_uses": 4,
        "villager_experience": 8
      },
      {
        "type": "numismatic-overhaul:sell_stack",
        "price": 1200,
        "sell": {
          "item": "tropical_fish_bucket",
          "count": 1
        },
        "max_uses": 4,
        "villager_experience": 8
      }
    ],
    "expert": [
      {
        "type": "numismatic-overhaul:sell_stack",
        "price": 8000,
        "sell": {
          "item": "bundle",
          "count": 1
        },
        "max_uses": 2,
        "villager_experience": 20
      },
      {
        "type": "numismatic-overhaul:sell_stack",
        "price": 12000,
        "sell": {
          "item": "sculk_sensor",
          "count": 1
        },
        "max_uses": 1,
        "villager_experience": 25
      },
      {
        "type": "numismatic-overhaul:process_item",
        "price": 5000,
        "buy": {
          "item": "emerald",
          "count": 2
        },
        "sell": {
          "item": "diamond",
          "count": 1
        },
        "max_uses": 3,
        "villager_experience": 20
      }
    ]
  }
}