{
  "profession": "weaponsmith",
  "trades": {
    "novice": [
      {
        "type": "numismatic-overhaul:buy_stack",
        "price": 150,
        "buy": {
          "item": "coal",
          "count": 15
        },
        "max_uses": 16,
        "villager_experience": 2
      },
      {
        "type": "numismatic-overhaul:sell_stack",
        "price": 180,
        "sell": {
          "item": "stone_sword",
          "count": 1
        },
        "max_uses": 12,
        "villager_experience": 5
      },
      {
        "type": "numismatic-overhaul:buy_stack",
        "price": 180,
        "buy": {
          "item": "flint",
          "count": 12
        },
        "max_uses": 12,
        "villager_experience": 2
      }
    ],
    "apprentice": [
      {
        "type": "numismatic-overhaul:buy_stack",
        "price": 280,
        "buy": {
          "item": "iron_ingot",
          "count": 7
        },
        "max_uses": 12,
        "villager_experience": 5
      },
      {
        "type": "numismatic-overhaul:sell_stack",
        "price": 800,
        "sell": {
          "item": "iron_sword",
          "count": 1
        },
        "max_uses": 10,
        "villager_experience": 10
      },
      {
        "type": "numismatic-overhaul:sell_stack",
        "price": 900,
        "sell": {
          "item": "iron_axe",
          "count": 1
        },
        "max_uses": 8,
        "villager_experience": 10
      }
    ],
    "journeyman": [
      {
        "type": "numismatic-overhaul:enchant_item",
        "base_price": 800,
        "allow_treasure": false,
        "level": 10,
        "item": {
          "item": "iron_sword"
        },
        "max_uses": 6,
        "villager_experience": 15
      },
      {
        "type": "numismatic-overhaul:sell_stack",
        "price": 1500,
        "sell": {
          "item": "trident",
          "count": 1
        },
        "max_uses": 3,
        "villager_experience": 20
      },
      {
        "type": "numismatic-overhaul:sell_stack",
        "price": 400,
        "sell": {
          "item": "crossbow",
          "count": 1
        },
        "max_uses": 6,
        "villager_experience": 10
      }
    ],
    "expert": [
      {
        "type": "numismatic-overhaul:buy_stack",
        "price": 3000,
        "buy": {
          "item": "diamond",
          "count": 1
        },
        "max_uses": 4,
        "villager_experience": 20
      },
      {
        "type": "numismatic-overhaul:enchant_item",
        "base_price": 1200,
        "allow_treasure": false,
        "level": 15,
        "item": {
          "item": "iron_sword"
        },
        "max_uses": 5,
        "villager_experience": 20
      },
      {
        "type": "numismatic-overhaul:enchant_item",
        "base_price": 1400,
        "allow_treasure": false,
        "level": 15,
        "item": {
          "item": "iron_axe"
        },
        "max_uses": 5,
        "villager_experience": 20
      },
      {
        "type": "numismatic-overhaul:enchant_item",
        "base_price": 1100,
        "allow_treasure": false,
        "level": 15,
        "item": {
          "item": "crossbow"
        },
        "max_uses": 4,
        "villager_experience": 20
      },
      {
        "type": "numismatic-overhaul:sell_stack",
        "price": 1500,
        "sell": {
          "item": "trident",
          "count": 1
        },
        "max_uses": 3,
        "villager_experience": 20
      }
    ],
    "master": [
      {
        "type": "numismatic-overhaul:sell_stack",
        "price": 3200,
        "sell": {
          "item": "diamond_sword",
          "count": 1
        },
        "max_uses": 5,
        "villager_experience": 25
      },
      {
        "type": "numismatic-overhaul:sell_stack",
        "price": 3600,
        "sell": {
          "item": "diamond_axe",
          "count": 1
        },
        "max_uses": 4,
        "villager_experience": 25
      },
      {
        "type": "numismatic-overhaul:enchant_item",
        "base_price": 1600,
        "allow_treasure": false,
        "level": 20,
        "item": {
          "item": "diamond_sword"
        },
        "max_uses": 4,
        "villager_experience": 30
      },
      {
        "type": "numismatic-overhaul:enchant_item",
        "base_price": 4000,
        "allow_treasure": true,
        "level": 30,
        "item": {
          "item": "diamond_sword"
        },
        "max_uses": 2,
        "villager_experience": 50
      },
      {
        "type": "numismatic-overhaul:enchant_item",
        "base_price": 1800,
        "allow_treasure": false,
        "level": 20,
        "item": {
          "item": "diamond_axe"
        },
        "max_uses": 4,
        "villager_experience": 30
      },
      {
        "type": "numismatic-overhaul:enchant_item",
        "base_price": 2200,
        "allow_treasure": false,
        "level": 20,
        "item": {
          "item": "trident"
        },
        "max_uses": 3,
        "villager_experience": 35
      },
      {
        "type": "numismatic-overhaul:enchant_item",
        "base_price": 3200,
        "allow_treasure": true,
        "level": 25,
        "item": {
          "item": "trident"
        },
        "max_uses": 2,
        "villager_experience": 45
      },
      {
        "type": "numismatic-overhaul:sell_stack",
        "price": 12000,
        "sell": {
          "item": "netherite_upgrade_smithing_template",
          "count": 1
        },
        "max_uses": 1,
        "villager_experience": 50
      }
    ]
  }
}