{
    "id": "tiered:legendary_mace_4",
    "verifiers": [
        {
            "tag": "c:tools/mace"
        },
        {
            "tag": "minecraft:enchantable/mace"
        }
    ],
    "weight": 3,
    "style": {
        "color": "gold"
    },
    "attributes": [
        {
            "type": "generic.attack_damage",
            "modifier": {
                "name": "tiered:legendary_mace_4",
                "operation": "ADD_MULTIPLIED_TOTAL",
                "amount": 0.25
            },
            "optional_equipment_slots": [
                "MAINHAND"
            ]
        },
        {
            "type": "minecraft:generic.gravity",
            "modifier": {
                "name": "tiered:legendary_mace_4",
                "operation": "ADD_MULTIPLIED_TOTAL",
                "amount": -0.175
            },
            "optional_equipment_slots": [
                "MAINHAND"
            ]
        },
        {
            "type": "tiered:generic.durable",
            "modifier": {
                "name": "tiered:legendary_mace_4",
                "operation": "ADD_MULTIPLIED_TOTAL",
                "amount": 0.3
            },
            "optional_equipment_slots": [
                "MAINHAND"
            ]
        }
    ]
}