{
    "id": "tiered:rare_mace_3",
    "verifiers": [
        {
            "tag": "c:tools/mace"
        },
        {
            "tag": "minecraft:enchantable/mace"
        }
    ],
    "weight": 15,
    "style": {
        "color": "blue"
    },
    "attributes": [
        {
            "type": "generic.attack_damage",
            "modifier": {
                "name": "tiered:rare_mace_3",
                "operation": "ADD_MULTIPLIED_TOTAL",
                "amount": 0.1
            },
            "optional_equipment_slots": [
                "MAINHAND"
            ]
        },
        {
            "type": "minecraft:generic.gravity",
            "modifier": {
                "name": "tiered:rare_mace_3",
                "operation": "ADD_MULTIPLIED_TOTAL",
                "amount": -0.1
            },
            "optional_equipment_slots": [
                "MAINHAND"
            ]
        }
    ]
}