{
    "id": "tiered:unique_mace_3",
    "verifiers": [
        {
            "tag": "c:tools/mace"
        },
        {
            "tag": "minecraft:enchantable/mace"
        }
    ],
    "weight": 1,
    "style": {
        "color": "light_purple"
    },
    "attributes": [
        {
            "type": "generic.attack_damage",
            "modifier": {
                "name": "tiered:unique_mace_3",
                "operation": "ADD_MULTIPLIED_TOTAL",
                "amount": 0.3
            },
            "optional_equipment_slots": [
                "MAINHAND"
            ]
        },
        {
            "type": "minecraft:generic.gravity",
            "modifier": {
                "name": "tiered:unique_mace_3",
                "operation": "ADD_MULTIPLIED_TOTAL",
                "amount": -0.3
            },
            "optional_equipment_slots": [
                "MAINHAND"
            ]
        },
        {
            "type": "generic.luck",
            "modifier": {
                "name": "tiered:unique_mace_3",
                "operation": "ADD_VALUE",
                "amount": 3
            },
            "optional_equipment_slots": [
                "MAINHAND"
            ]
        },
        {
            "type": "player.entity_interaction_range",
            "modifier": {
                "name": "tiered:unique_mace_3",
                "operation": "ADD_VALUE",
                "amount": 0.5
            },
            "optional_equipment_slots": [
                "MAINHAND"
            ]
        }
    ]
}