{
  "type": "minecraft:chest",
  "random_sequence": "repurposed_structures:chests",
  "pools": [
    {
      "rolls": {
        "min": 2.0,
        "max": 10.0,
        "type": "minecraft:uniform"
      },
      "entries": [
        {
          "name": "minecraft:book",
          "type": "minecraft:item",
          "weight": 45,
          "functions": [
            {
              "function": "minecraft:set_count",
              "count": {
                "min": 1.0,
                "max": 3.0,
                "type": "minecraft:uniform"
              }
            }
          ]
        },
        {
          "name": "minecraft:paper",
          "type": "minecraft:item",
          "weight": 45,
          "functions": [
            {
              "function": "minecraft:set_count",
              "count": {
                "min": 2.0,
                "max": 7.0,
                "type": "minecraft:uniform"
              }
            }
          ]
        },
        {
          "name": "minecraft:book",
          "type": "minecraft:item",
          "weight": 30,
          "functions": [
            {
              "function": "minecraft:enchant_with_levels",
              "options": "#minecraft:on_random_loot",
              "levels": 30
            }
          ]
        },
        {
          "name": "minecraft:map",
          "type": "minecraft:item",
          "weight": 6
        },
        {
          "name": "minecraft:compass",
          "type": "minecraft:item",
          "weight": 6
        },
        {
          "name": "minecraft:lodestone",
          "type": "minecraft:item",
          "weight": 6
        },
        {
          "name": "minecraft:respawn_anchor",
          "type": "minecraft:item",
          "weight": 6
        }
      ]
    },
    {
      "rolls": 1,
      "entries": [
        {
          "type": "minecraft:empty",
          "weight": 25
        },
        {
          "name": "minecraft:map",
          "type": "minecraft:item",
          "weight": 3,
          "functions": [
            {
              "function": "minecraft:exploration_map",
              "destination": "repurposed_structures:explorer_maps/ruins_nether",
              "decoration": "banner_black",
              "zoom": 2,
              "skip_existing_chunks": false
            },
            {
              "function": "minecraft:set_name",
              "name": {
                "translate": "Nether Ruins Map"
              }
            }
          ]
        }
      ]
    },
    {
      "rolls": 1,
      "entries": [
        {
          "type": "minecraft:empty",
          "weight": 25
        },
        {
          "name": "minecraft:map",
          "type": "minecraft:item",
          "weight": 3,
          "functions": [
            {
              "function": "minecraft:exploration_map",
              "destination": "repurposed_structures:explorer_maps/bastion_remnant",
              "decoration": "banner_black",
              "zoom": 2,
              "skip_existing_chunks": false
            },
            {
              "function": "minecraft:set_name",
              "name": {
                "translate": "Bastion Remnant Map"
              }
            }
          ]
        }
      ]
    },
    {
      "rolls": 1,
      "entries": [
        {
          "type": "minecraft:empty",
          "weight": 26
        },
        {
          "name": "minecraft:map",
          "type": "minecraft:item",
          "weight": 1,
          "functions": [
            {
              "function": "minecraft:exploration_map",
              "destination": "repurposed_structures:explorer_maps/city_nether",
              "decoration": "banner_gray",
              "zoom": 2,
              "skip_existing_chunks": false
            },
            {
              "function": "minecraft:set_name",
              "name": {
                "translate": "Nether City Map"
              }
            }
          ]
        }
      ]
    },
    {
      "rolls": 1,
      "bonus_rolls": 0.0,
      "entries": [
        {
          "type": "minecraft:item",
          "name": "minecraft:eye_armor_trim_smithing_template"
        }
      ]
    },
    {
      "rolls": 1,
      "entries": [
        {
          "type": "minecraft:loot_table",
          "value": "repurposed_structures:chests/lucky_pool"
        }
      ]
    },
    {
      "rolls": 0,
      "bonus_rolls": 1,
      "entries": [
        {
          "type": "minecraft:empty",
          "weight": 130
        },
        {
          "name": "minecraft:red_banner",
          "type": "minecraft:item",
          "weight": 30,
          "functions": [
            {
              "function": "minecraft:set_banner_pattern",
              "append": true,
              "patterns": [
                {
                  "pattern": "minecraft:square_bottom_left",
                  "color": "black"
                },
                {
                  "pattern": "minecraft:square_top_right",
                  "color": "black"
                },
                {
                  "pattern": "minecraft:bricks",
                  "color": "black"
                },
                {
                  "pattern": "minecraft:bricks",
                  "color": "red"
                },
                {
                  "pattern": "minecraft:gradient_up",
                  "color": "red"
                },
                {
                  "pattern": "minecraft:border",
                  "color": "black"
                },
                {
                  "pattern": "minecraft:triangles_top",
                  "color": "black"
                },
                {
                  "pattern": "minecraft:triangles_bottom",
                  "color": "black"
                },
                {
                  "pattern": "minecraft:stripe_center",
                  "color": "black"
                },
                {
                  "pattern": "minecraft:rhombus",
                  "color": "black"
                },
                {
                  "pattern": "minecraft:circle",
                  "color": "red"
                },
                {
                  "pattern": "minecraft:circle",
                  "color": "black"
                }
              ]
            }
          ]
        },
        {
          "name": "minecraft:ender_eye",
          "type": "minecraft:item",
          "weight": 10
        },
        {
          "name": "minecraft:book",
          "type": "minecraft:item",
          "weight": 10,
          "functions": [
            {
              "function": "minecraft:enchant_with_levels",
              "levels": 30
            }
          ]
        }
      ]
    }
  ]
}