{
  "type": "minecraft:chest",
  "random_sequence": "repurposed_structures:chests",
  "pools": [
    {
      "rolls": {
        "min": 1.0,
        "max": 2.0,
        "type": "minecraft:uniform"
      },
      "entries": [
        {
          "name": "minecraft:tipped_arrow",
          "type": "minecraft:item",
          "weight": 30,
          "functions": [
            {
              "function": "minecraft:set_count",
              "count": {
                "max": 7.0,
                "min": 2.0,
                "type": "minecraft:uniform"
              }
            },
            {
              "function": "minecraft:set_potion",
              "id": "minecraft:poison"
            }
          ]
        }
      ]
    }
  ]
}